﻿<?xml version="1.0" encoding="utf-8"?>
<Locales>
  <Locale LocaleFileID="39C7FA26-C441-4782-BCDE-2D10430356A7" LocaleID="1062" InstanceID="3200c1f1-6caa-4c73-a169-78f3a12d155c" RowID="DA576339-3B64-4D12-AC8F-48159E5B6B1C" OwnServerID="00000000-0000-0000-0000-000000000000" ChangeServerID="00000000-0000-0000-0000-000000000000">
    <File FileID="39C7FA26-C441-4782-BCDE-2D10430356A7" OwnerCardID="98FBB99A-C359-4685-92D8-71EB93FAE56B" Name="Localization File" StandardAttribs="0" ExtendedAttribs="0">
      <LayoutLocalization xmlns:xsi="http://www.w3.org/2001/XMLSchema-instance" xmlns:xsd="http://www.w3.org/2001/XMLSchema" xmlns="http://schemas.docsvision.com/Platform/2015-07-01/Metadata/">
  <Property Key="f73add13-a036-4e0b-8968-d79425c0974c" />
  <Property Key="015c00fe-b400-4670-b4cc-7aeda18cfdad" PropertyValue="Jauns nosūtāmais dokuments" />
  <Property Key="908875f2-0d15-4e20-93e9-7c514b007e03" PropertyValue="Izveidot" />
  <Property Key="f0553208-b799-40d5-9b54-ba8804336590" PropertyValue="Atcelt" />
  <Property Key="33ff5a31-f8d0-4e43-9e99-59492a2edfd8" PropertyValue="Informācija" />
  <Property Key="521ba363-7f34-4f19-bfd4-f90b1401dfef" PropertyValue="Tēma" />
  <Property Key="73e59051-f7b2-4b3c-8954-61ac24a770cb" PropertyValue="Dokumenta tēma" />
  <Property Key="76be480f-6b6d-41cc-a473-1178b762b0fd" PropertyValue="Pārāk garš dokumenta nosaukums" />
  <Property Key="79b78cc2-4c80-4fcd-a187-dd06a46435e7" PropertyValue="Sagatavoja" />
  <Property Key="aab7911a-2510-4a79-9d65-d14de0f5352a" PropertyValue="Dokumenta sagatavotājs" />
  <Property Key="20a41877-be5e-4f62-9b95-f84edfb04425" PropertyValue="Reģistrācijas datums" />
  <Property Key="97b06dd8-07ae-4f81-a8d6-346fff1a2905" PropertyValue="Dokumenta reģistrācijas datums" />
  <Property Key="939ba42a-ac13-4050-ae74-288dd75cd172" PropertyValue="Apstiprinātāji" />
  <Property Key="fdc5bdd5-01fc-465e-a51d-c93e087fb84f" PropertyValue="Parakstītājs" />
  <Property Key="bf924969-b07d-419b-871f-d3f082224735" PropertyValue="Piezīme" />
  <Property Key="6a09212e-c0c4-4a0a-b348-6537a15dee67" PropertyValue="Adresāti" />
  <Property Key="21689351-9e49-4edf-b6b8-62e6430d9d0d" PropertyValue="Organizācija" />
  <Property Key="c13a0499-240a-4fda-b8fc-983898d96c14" PropertyValue="Dokumenta saņēmēji" />
  <Property Key="f9dd4b8f-11cd-4ee9-932f-5e037879571b" PropertyValue="Darbinieks" />
  <Property Key="791fdf9b-bb14-463b-83df-17a2118caaa8" PropertyValue="Partnerorganizācijas darbinieks - saņēmējs" />
  <Property Key="6406cfe7-3dd3-419d-a726-edf8a7b5b3b9" PropertyValue="Saites" />
  <Property Key="d8459777-15cd-4d49-a706-d0aef5343a45" PropertyValue="Izvēlēties mapi" />
  <Property Key="9f83bfdb-769e-4cb2-85e5-6cc9b8de89bb" PropertyValue="Mape" />
  <Property Key="465b7071-c7c2-44b0-b14a-a5905fc0df0b" PropertyValue="Dokumenta labošana" />
  <Property Key="1723ddb5-4e34-434b-b24c-e2d237b79733" PropertyValue="Saglabāt" />
  <Property Key="c291d73e-8b13-4f89-8a9b-af3f5ffd9844" PropertyValue="APSTIPRINĀŠANAS GAITA" />
  <Property Key="4b3c39fc-e684-4db9-9493-6b1a4aa75232" PropertyValue="Apstiprināšanas saraksts" />
  <Property Key="2a7985ee-d387-45a1-9ff7-0444a746891a" PropertyValue="Informācijai" />
  <Property Key="6c58a927-0bda-4473-8705-c0e94503cb28" PropertyValue="Izveidot saņemto" />
  <Property Key="c5bbfe18-9f74-484b-8803-813c7d648dd3" PropertyValue="VĒSTURE" />
  <Property Key="8daa3848-156d-4024-9470-fcbc8911df9b" PropertyValue="Dokumenta reģistrācijas numurs" />
  <Property Key="782b20ae-8f42-47fd-934c-4cdb3e3ca885" PropertyValue="Reģ. numurs" />
  <Property Key="ccc119da-1e42-443c-ac6b-90f2eb5c08d5" PropertyValue="Reģ. datums" />
  <Property Key="626dda3b-66cb-44ba-966b-c643a8b9c432" PropertyValue="Apstiprināšana" />
  <Property Key="3468b6ce-9f06-4b51-ae33-c64d2e96b5e5" PropertyValue="Dokuments nosūtīts saņēmējiem" />
  <Property Key="59cf7ba8-091d-411f-9f62-49d15d5867d2" PropertyValue="E-pasts" />
  <Property Key="8fef41a3-4cae-4ff0-af1b-f8e5011179d9" PropertyValue="Tālrunis" />
  <Property Key="f7734750-da6d-4835-a64d-f29d51dbd974" PropertyValue="Izpildes gaita" />
  <Property Key="b2f36145-6ec6-4971-8b76-991008be8067" PropertyValue="Izveidot komentāru" />
  <Property Key="b12c78be-c76d-42af-9e7c-969ce06473b2" PropertyValue="Uzdevumu koks" />
  <Property Key="832a4f0b-cd38-4a44-882d-61e8cf7e487f" PropertyValue="Izpildes tabula" />
  <Property Key="39c6bec4-7916-49a4-8340-59c9b3d89183" PropertyValue="Apspriešana" />
  <Property Key="b3cc6d0b-f874-44b6-8753-b27990b5ea25" PropertyValue="Pievienojiet komentāru" />
  <Property Key="a2d3829d-8e7d-4bd7-a5d7-3a9fff1526e7" PropertyValue="Jauns fails" />
  <Property Key="a72a8aa0-4d94-4bab-bf8b-c2071de83ad4" PropertyValue="Nosaukums" />
  <Property Key="15b3993b-f252-4136-a9af-eefe40330fe4" PropertyValue="Faila rediģēšana" />
  <Property Key="d0c73b70-42c8-4b19-b88f-b6634d8bf332" />
  <Property Key="074344f7-2e9d-4019-83c2-7bcb3eb2a74f" />
  <Property Key="0d52ce93-17cb-4c77-9620-035acdc9bba9" />
  <Property Key="b63ab5e4-0487-4432-8b0d-a4a52e942f12" />
  <Property Key="3debab14-f1be-4c58-8045-99d3ffe765e9" />
  <Property Key="24943569-479b-4557-b3d3-51f199df8fb5" />
  <Property Key="87f0f7b9-fefc-42b8-8120-a385d6356bb7" />
  <Property Key="1224ee37-9250-4871-953f-328d14a416f4" />
  <Property Key="86e5f16b-d095-41f8-813b-09e8024bbaf1" />
  <Property Key="0c205580-47b7-48cd-ad11-1116e29c02e0" />
  <Property Key="bffdabe2-64a4-4c2e-87dc-611694163b38" />
  <Property Key="ee00cfc9-219a-46db-bfb5-fd89b0ef78ff" />
  <Property Key="418a0288-fdc0-4b14-b60d-2236082cee43" />
  <Property Key="3e1aec85-f9ed-420a-b2c8-04074be2c10f" />
  <Property Key="e73d7ac9-cd46-4f72-badf-c2b76ece27cf" />
  <Property Key="1331ae9b-10ca-4f41-b5f5-96c31012ae91" />
  <Property Key="2ef72671-a403-4948-80ee-0617e5e03287" />
  <Property Key="89c2535a-006c-4751-8601-1ae5890b220c" />
  <Property Key="0d520079-2918-4d50-88a2-b93881e6dc2c" />
  <Property Key="0ee6b1dc-864e-43a0-b32f-406d7cdba4fb" />
  <Property Key="1e33737c-d88d-470a-847a-4c359392e3a9" />
  <Property Key="125e640e-31ac-4460-bd09-67867648bfd9" />
  <Property Key="eb261128-1cb2-4428-82ec-6a5279ac683e" />
  <Property Key="d269f4ff-9463-494b-b539-8fd4cc1781fc" />
  <Property Key="f23f5151-481f-4a59-85eb-00eefd700aac" />
  <Property Key="f61e84cf-2691-48b2-b677-d9692a89e116" />
  <Property Key="b5f01490-07cf-434e-b1a7-a22177392507" />
  <Property Key="64545e66-c23b-4be2-a7b5-2c0d1e4869e2" />
  <Property Key="09754eee-4176-44c3-90e6-77a442d6b065" />
  <Property Key="043eaf33-9ec8-4df2-bfb4-13c79d2288e1" />
  <Property Key="c7e6eee4-4e88-47c1-b80c-795e0d7114ac" />
  <Property Key="84e0d7ac-c261-435a-8e4e-00a1621abed9" />
  <Property Key="c9099c99-a799-4083-bb32-000d2e521f64" />
  <Property Key="265448bb-66de-412e-aa99-37b7f2980518" />
  <Property Key="d4dcc5c3-8fa2-4abf-82c4-d05b57a27f06" />
  <Property Key="8faa300a-9be4-47e3-a81a-66b5bfe56426" />
  <Property Key="e120af8b-33c0-4d8b-b684-e2fff5f39076" />
  <Property Key="2c201d64-425d-4c80-9aba-2585f4d5d617" />
  <Property Key="3a90af1b-c668-4c48-b09e-33a0c9f430d0" />
  <Property Key="ba26c860-baab-4755-b32d-a2cd343e2f13" />
  <Property Key="77f4e210-3714-4cb1-8e79-0fe9d1135dd4" />
  <Property Key="29882b30-9ecf-451c-8318-804b556dcdf0" />
  <Property Key="3e2e38b1-a604-47cc-822b-f90ed8cb9ea7" />
  <Property Key="ecf66caf-80f1-4a40-8c0e-711d4722ac3b" />
  <Property Key="be50be73-a739-4084-b76f-9f2f864f48e2" />
  <Property Key="b98350b4-8f27-49a4-91d7-ab428cd1f665" />
  <Property Key="a08ad540-5ce5-4747-be49-db593281ed5f" />
  <Property Key="45c8984a-f68a-4748-ae22-b0ad943ad061" />
  <Property Key="ba180333-8ac0-460b-a313-6b50e12aee8f" />
  <Property Key="11e3da5b-1f8b-4e3a-bac0-b78919818d94" />
  <Property Key="83c168d4-c113-4e97-a32b-783fe65633d2" />
  <Property Key="5882d32c-a7b2-41b2-8af9-0cd7179f5f2e" />
  <Property Key="578b3612-66ee-4d02-99a2-5bd38b21818b" />
  <Property Key="4c9bffe0-d7c0-4ae8-a46b-93c7a984014c" />
  <Property Key="b6b7bb5c-43ae-4ddf-a708-a5938ebc0d57" />
  <Property Key="b7d449dc-a9cc-4815-98fc-1fe1698eab42" />
  <Property Key="ec32ae46-c296-4ff3-b253-2283408a060d" />
  <Property Key="9db6b82f-0cae-46e2-84f8-a57cc0cc9d80" />
  <Property Key="5ccfe301-f7dc-42fa-8a7c-c1b13763f9fe" />
  <Property Key="6d6d3f06-7dde-4454-81f1-d0af88c07483" />
  <Property Key="b009385e-2e4a-4769-9832-d34f2c66004a" />
  <Property Key="93bde5a6-edfe-40f9-aa8f-086ef48c83cd" />
  <Property Key="a4731b8d-c207-4300-813b-4e975368022f" />
  <Property Key="4287d04f-f607-4686-80db-f2a6d90e399a" />
  <Property Key="8bad0ed3-8ab0-489f-b65f-3a04a1bd4ce7" />
  <Property Key="d3de2c0d-5464-443e-a72b-696d74fe1530" />
  <Property Key="ebe20f22-723c-4717-be7e-12bdc55bdcc9" />
  <Property Key="6fe1f4d6-aa2d-4f91-81fc-a034fac04854" />
  <Property Key="5f7cdb6d-9078-4dd6-80be-b35529e71b34" />
  <Property Key="c1cfc3d8-c267-45de-9035-a25af4f224c1" />
  <Property Key="13cf6da9-e080-40bb-92c0-ce777a3c7d37" />
  <Property Key="9e606831-cc11-48fa-b01a-38fe582c24bb" />
  <Property Key="1ec071d9-eda4-4f9b-a068-65a55cef013b" />
  <Property Key="60aec81d-a669-41d9-8f96-bf0dc90197ed" />
  <Property Key="7f765351-6f3b-43d4-a249-9d5819a8985d" />
  <Property Key="1bae2d3b-dfe2-46bf-af8c-355841b95db8" />
  <Property Key="b816c3c4-ca03-4110-b449-117ddf1307f8" />
  <Property Key="22210288-9d32-4356-9dfe-5177adfc9b5a" />
  <Property Key="8a146f76-828a-493e-b4df-4696157a228b" />
  <Property Key="11ffc980-5b18-497d-8ebd-a95e8a838c2e" />
  <Property Key="0f745617-f4b5-4375-b57b-02693705c8cd" />
  <Property Key="da80b520-ca02-4633-8c05-00a9446f407d" />
  <Property Key="4b9d707b-2b32-41e2-9742-1080855d8171" />
  <Property Key="3d8aae7f-e57a-435b-bdfa-a683676cc2f0" />
  <Property Key="7ef92274-d48b-4455-a545-47592b626f3e" />
  <Property Key="1fad404e-56da-424d-8021-f7290ebf77fd" />
  <Property Key="6732786d-b985-47c4-b592-aa142a3f00d2" />
  <Property Key="1d2b21c7-adf3-4280-a7fc-a8110b0468b9" />
  <Property Key="4683cd77-4cb5-4f40-913d-e5e1a62c05fc" />
  <Property Key="87705659-b6ac-4263-8f0c-876ea82e5c47" />
  <Property Key="5526c32e-ed5c-4f91-8457-965db65608ea" />
  <Property Key="5e35c9ad-b857-4505-b909-a12c01d8f35a" />
  <Property Key="2764dcd4-9f4f-44ff-91a2-07da76abe6ff" />
  <Property Key="5cde6bfb-53cf-43f7-aa70-afad3f198222" />
  <Property Key="dd6ec64b-0544-488a-9ffd-6b98bdc7f112" />
  <Property Key="3b268609-45be-4485-8395-245c05201249" />
  <Property Key="0018fc2f-e162-4dec-a3a2-73ba626aa9ff" />
  <Property Key="b2d320d7-4e29-43de-bae7-1a85bfb94416" />
  <Property Key="2fd252f5-a017-426b-8475-9f24c5114cda" />
  <Property Key="bcdd3e76-05c5-4701-ab44-dad1b6104bf9" />
  <Property Key="1bab0057-005b-472f-9a14-11d7870de26f" PropertyValue="" />
  <Property Key="c08dd9d8-ac43-4782-bc26-4bbf7ebb5f45" />
  <Property Key="017dc5f6-d8fc-4d38-b849-f3fe7a7aa44d" />
  <Property Key="a6c79d59-e0b2-46b5-ab24-6dfd48c9ae54" />
  <Property Key="b74746a4-0d5f-46c0-957d-509084e7800d" />
  <Property Key="1223f5fa-7ecf-41ad-bd29-bcc8ca2cd621" />
  <Property Key="a91c9f2e-5280-41ea-9ca7-294951f336b7" />
  <Property Key="10b429bc-f8a4-4a42-a9fa-ceed2f19e3c4" />
  <Property Key="d98216d0-831f-477a-b7ac-48530c1b64af" />
  <Property Key="a10f4e38-175b-46ea-a82e-57b4e52f9d9e" />
  <Property Key="82a40f51-20f7-4ed8-9524-3088d71185ec" />
  <Property Key="9a666d02-2cf0-4f1b-bf58-5c8f3b3272ed" />
  <Property Key="39185e76-63eb-443c-80ed-5b5ccd94f728" />
  <Property Key="161a16c5-1dce-4f4c-8bc0-4c885f876807" />
  <Property Key="f4ea675e-c947-4270-9c37-ef7d282b8c21" />
  <Property Key="58e66e2c-734b-4491-b6c3-36e6a975b611" />
  <Property Key="04e3ecb0-70c8-4799-8d62-f66cf19c3fb2" />
  <Property Key="ae8cd9d9-c2c0-488e-82b7-44104eab5040" />
  <Property Key="254e349c-bbc2-4039-adf1-07532887cff6" />
  <Property Key="e6c61cd4-2b5d-4be2-873f-7e9f706415f2" />
  <Property Key="04ea5dc6-b6c7-4f2b-8619-333b664759ce" />
  <Property Key="4476b594-66c7-4385-84af-ababccc42da5" />
  <Property Key="b66d869e-7e88-4572-9ef0-6886fbe4bcd8" />
  <Property Key="cf8da7cf-e329-4fc1-b0b4-dc4012664f3b" />
  <Property Key="249836f4-cd6d-442e-b4a0-ac30c0d4b140" />
  <Property Key="ef40f74a-1823-4a16-bbd3-0b05df0ecdb5" />
  <Property Key="53f92ced-2b81-41bd-80a8-921f2c45de86" />
  <Property Key="e36eb22d-0284-441e-bc21-40f28e61f838" />
  <Property Key="194edc76-e959-4360-ad71-53437f5196ab" />
  <Property Key="d091566a-f7d0-4f23-b706-391ac4604e30" />
  <Property Key="97896da3-0aef-4b86-94a9-5a1d62da6a96" />
  <Property Key="653a352b-e1c2-48ef-82f0-2bc22b3b81c7" />
  <Property Key="38bb2572-1e24-45f3-ac19-9bdba34f8015" />
  <Property Key="6feef292-6754-433c-a360-93a21f3a6f0f" />
  <Property Key="31baa870-e4d7-413a-b956-574734d9d39d" />
  <Property Key="99f47bf1-7449-4a38-a1ce-58edd9bf2132" />
  <Property Key="a3a14183-dc9a-4f5b-b20d-8553e2e5e05b" />
  <Property Key="375c6221-8cd7-460d-8812-f63b8ee31d20" />
  <Property Key="18dd5a4b-f827-4cff-867a-dfba580da522" />
  <Property Key="42750e1f-c806-4094-8101-65403b2158f4" />
  <Property Key="40f197c1-9c29-4ac1-8bb6-7eadd60a4c5f" />
  <Property Key="216179f0-3c88-47a0-9dcc-d112525a9986" />
  <Property Key="ab167a2f-cc57-48d4-a5d3-be46cc3c811a" />
  <Property Key="76998377-a378-4033-81b0-066788ce6881" />
  <Property Key="1183cf51-5141-45cf-8a6a-4df3c54e2868" />
  <Property Key="31504fe6-e5a8-465a-b86a-bfed6e27e15b" />
  <Property Key="87d526a7-49a4-4dc3-bf88-6479be8d1f96" />
  <Property Key="6d4334df-0208-4f06-a6f8-de9383947438" />
  <Property Key="d20f5c2b-a7b7-48e4-8061-d5a2d131d459" />
  <Property Key="a34b4949-2f86-4f26-9a49-b9604b48baae" />
  <Property Key="5f203d84-aa0d-453a-b719-3f1f7c68df46" />
  <Property Key="1dd890eb-ee77-4705-88fd-8cdf1fb9f9d7" />
  <Property Key="f90be886-67e2-4763-b564-b615a6d19d2a" />
  <Property Key="c548b5b1-2d4e-4e56-b260-97bdcc8a6f62" />
  <Property Key="8965719e-126a-4c82-87ad-0188c5d35f03" />
  <Property Key="ae3114a7-d600-4516-8388-a0718477c273" />
  <Property Key="27be614f-753e-4f01-ac95-2e91ab29c842" />
  <Property Key="fe6f8cca-8f50-4a6c-bfd2-05e7a7f6e164" />
</LayoutLocalization>
    </File>
  </Locale>
  <Locale LocaleFileID="50C7F298-A32B-4AB2-B492-C93A41768108" LocaleID="1087" InstanceID="3200c1f1-6caa-4c73-a169-78f3a12d155c" RowID="44526D5F-35C0-4B4C-8B73-63B84E292100" OwnServerID="00000000-0000-0000-0000-000000000000" ChangeServerID="00000000-0000-0000-0000-000000000000">
    <File FileID="50C7F298-A32B-4AB2-B492-C93A41768108" OwnerCardID="98FBB99A-C359-4685-92D8-71EB93FAE56B" Name="Localization File" StandardAttribs="0" ExtendedAttribs="0">
      <LayoutLocalization xmlns:xsi="http://www.w3.org/2001/XMLSchema-instance" xmlns:xsd="http://www.w3.org/2001/XMLSchema" xmlns="http://schemas.docsvision.com/Platform/2015-07-01/Metadata/">
  <Property Key="f73add13-a036-4e0b-8968-d79425c0974c" />
  <Property Key="015c00fe-b400-4670-b4cc-7aeda18cfdad" PropertyValue="Жаңа шығыс құжат" />
  <Property Key="908875f2-0d15-4e20-93e9-7c514b007e03" PropertyValue="Жасаңыз" />
  <Property Key="f0553208-b799-40d5-9b54-ba8804336590" PropertyValue="Болдырмау" />
  <Property Key="33ff5a31-f8d0-4e43-9e99-59492a2edfd8" PropertyValue="Ақпарат" />
  <Property Key="521ba363-7f34-4f19-bfd4-f90b1401dfef" PropertyValue="Тақырып" />
  <Property Key="73e59051-f7b2-4b3c-8954-61ac24a770cb" PropertyValue="Құжаттың тақырыбы" />
  <Property Key="76be480f-6b6d-41cc-a473-1178b762b0fd" PropertyValue="Құжаттың атауы тым ұзын" />
  <Property Key="79b78cc2-4c80-4fcd-a187-dd06a46435e7" PropertyValue="Дайындалды" />
  <Property Key="aab7911a-2510-4a79-9d65-d14de0f5352a" PropertyValue="Құжатты дайындаған қызметкер" />
  <Property Key="20a41877-be5e-4f62-9b95-f84edfb04425" PropertyValue="Тіркеу күні" />
  <Property Key="97b06dd8-07ae-4f81-a8d6-346fff1a2905" PropertyValue="Біздің ұйымда құжаттың тіркелген күні" />
  <Property Key="939ba42a-ac13-4050-ae74-288dd75cd172" PropertyValue="Келісушілер" />
  <Property Key="fdc5bdd5-01fc-465e-a51d-c93e087fb84f" PropertyValue="Белгілер" />
  <Property Key="bf924969-b07d-419b-871f-d3f082224735" PropertyValue="Ескерту" />
  <Property Key="6a09212e-c0c4-4a0a-b348-6537a15dee67" PropertyValue="Адресаттар" />
  <Property Key="21689351-9e49-4edf-b6b8-62e6430d9d0d" PropertyValue="Ұйым" />
  <Property Key="c13a0499-240a-4fda-b8fc-983898d96c14" PropertyValue="Контрагенттер - құжаттарды алушылар" />
  <Property Key="f9dd4b8f-11cd-4ee9-932f-5e037879571b" PropertyValue="Қызметкер" />
  <Property Key="791fdf9b-bb14-463b-83df-17a2118caaa8" PropertyValue="Counterparty Employee - Алушы" />
  <Property Key="6406cfe7-3dd3-419d-a726-edf8a7b5b3b9" PropertyValue="Сілтемелер" />
  <Property Key="d8459777-15cd-4d49-a706-d0aef5343a45" PropertyValue="Қалтаны таңдаңыз" />
  <Property Key="9f83bfdb-769e-4cb2-85e5-6cc9b8de89bb" PropertyValue="Қалта" />
  <Property Key="465b7071-c7c2-44b0-b14a-a5905fc0df0b" PropertyValue="Құжатты өңдеу" />
  <Property Key="1723ddb5-4e34-434b-b24c-e2d237b79733" PropertyValue="Сақтау" />
  <Property Key="c291d73e-8b13-4f89-8a9b-af3f5ffd9844" PropertyValue="PROGRESS КЕЛІСІМІ" />
  <Property Key="4b3c39fc-e684-4db9-9493-6b1a4aa75232" PropertyValue="Бекіту парағы" />
  <Property Key="2a7985ee-d387-45a1-9ff7-0444a746891a" PropertyValue="Таныстыруға" />
  <Property Key="6c58a927-0bda-4473-8705-c0e94503cb28" PropertyValue="Кіріс жасау" />
  <Property Key="c5bbfe18-9f74-484b-8803-813c7d648dd3" PropertyValue="ТАРИХЫ" />
  <Property Key="8daa3848-156d-4024-9470-fcbc8911df9b" PropertyValue="Құжаттың тіркеу нөмірі" />
  <Property Key="782b20ae-8f42-47fd-934c-4cdb3e3ca885" PropertyValue="Рег. нөмірі" />
  <Property Key="ccc119da-1e42-443c-ac6b-90f2eb5c08d5" PropertyValue="Тіркеу күні" />
  <Property Key="626dda3b-66cb-44ba-966b-c643a8b9c432" PropertyValue="Келісу" />
  <Property Key="3468b6ce-9f06-4b51-ae33-c64d2e96b5e5" PropertyValue="Алушыларға жіберілген құжат" />
  <Property Key="59cf7ba8-091d-411f-9f62-49d15d5867d2" PropertyValue="Электрондық пошта" />
  <Property Key="8fef41a3-4cae-4ff0-af1b-f8e5011179d9" PropertyValue="Телефон" />
  <Property Key="f7734750-da6d-4835-a64d-f29d51dbd974" PropertyValue="Орындалу курсы" />
  <Property Key="b2f36145-6ec6-4971-8b76-991008be8067" PropertyValue="Тапсырманы жасаңыз" />
  <Property Key="b12c78be-c76d-42af-9e7c-969ce06473b2" PropertyValue="Орындау ағашы" />
  <Property Key="832a4f0b-cd38-4a44-882d-61e8cf7e487f" PropertyValue="Орындау кестесі" />
  <Property Key="39c6bec4-7916-49a4-8340-59c9b3d89183" PropertyValue="Талқылау" />
  <Property Key="b3cc6d0b-f874-44b6-8753-b27990b5ea25" PropertyValue="Пікір енгізіңіз" />
  <Property Key="a2d3829d-8e7d-4bd7-a5d7-3a9fff1526e7" PropertyValue="Жаңа файл" />
  <Property Key="a72a8aa0-4d94-4bab-bf8b-c2071de83ad4" PropertyValue="Атауы" />
  <Property Key="15b3993b-f252-4136-a9af-eefe40330fe4" PropertyValue="Файлды өңдеу" />
  <Property Key="d0c73b70-42c8-4b19-b88f-b6634d8bf332" />
  <Property Key="074344f7-2e9d-4019-83c2-7bcb3eb2a74f" />
  <Property Key="0d52ce93-17cb-4c77-9620-035acdc9bba9" />
  <Property Key="b63ab5e4-0487-4432-8b0d-a4a52e942f12" />
  <Property Key="3debab14-f1be-4c58-8045-99d3ffe765e9" />
  <Property Key="24943569-479b-4557-b3d3-51f199df8fb5" />
  <Property Key="87f0f7b9-fefc-42b8-8120-a385d6356bb7" />
  <Property Key="1224ee37-9250-4871-953f-328d14a416f4" />
  <Property Key="86e5f16b-d095-41f8-813b-09e8024bbaf1" />
  <Property Key="0c205580-47b7-48cd-ad11-1116e29c02e0" />
  <Property Key="bffdabe2-64a4-4c2e-87dc-611694163b38" />
  <Property Key="ee00cfc9-219a-46db-bfb5-fd89b0ef78ff" />
  <Property Key="418a0288-fdc0-4b14-b60d-2236082cee43" />
  <Property Key="3e1aec85-f9ed-420a-b2c8-04074be2c10f" />
  <Property Key="e73d7ac9-cd46-4f72-badf-c2b76ece27cf" />
  <Property Key="1331ae9b-10ca-4f41-b5f5-96c31012ae91" />
  <Property Key="2ef72671-a403-4948-80ee-0617e5e03287" />
  <Property Key="89c2535a-006c-4751-8601-1ae5890b220c" />
  <Property Key="0d520079-2918-4d50-88a2-b93881e6dc2c" />
  <Property Key="0ee6b1dc-864e-43a0-b32f-406d7cdba4fb" />
  <Property Key="1e33737c-d88d-470a-847a-4c359392e3a9" />
  <Property Key="125e640e-31ac-4460-bd09-67867648bfd9" />
  <Property Key="eb261128-1cb2-4428-82ec-6a5279ac683e" />
  <Property Key="d269f4ff-9463-494b-b539-8fd4cc1781fc" />
  <Property Key="f23f5151-481f-4a59-85eb-00eefd700aac" />
  <Property Key="f61e84cf-2691-48b2-b677-d9692a89e116" />
  <Property Key="b5f01490-07cf-434e-b1a7-a22177392507" />
  <Property Key="64545e66-c23b-4be2-a7b5-2c0d1e4869e2" />
  <Property Key="09754eee-4176-44c3-90e6-77a442d6b065" />
  <Property Key="043eaf33-9ec8-4df2-bfb4-13c79d2288e1" />
  <Property Key="c7e6eee4-4e88-47c1-b80c-795e0d7114ac" />
  <Property Key="84e0d7ac-c261-435a-8e4e-00a1621abed9" />
  <Property Key="c9099c99-a799-4083-bb32-000d2e521f64" />
  <Property Key="265448bb-66de-412e-aa99-37b7f2980518" />
  <Property Key="d4dcc5c3-8fa2-4abf-82c4-d05b57a27f06" />
  <Property Key="8faa300a-9be4-47e3-a81a-66b5bfe56426" />
  <Property Key="e120af8b-33c0-4d8b-b684-e2fff5f39076" />
  <Property Key="2c201d64-425d-4c80-9aba-2585f4d5d617" />
  <Property Key="3a90af1b-c668-4c48-b09e-33a0c9f430d0" />
  <Property Key="ba26c860-baab-4755-b32d-a2cd343e2f13" />
  <Property Key="77f4e210-3714-4cb1-8e79-0fe9d1135dd4" />
  <Property Key="29882b30-9ecf-451c-8318-804b556dcdf0" />
  <Property Key="3e2e38b1-a604-47cc-822b-f90ed8cb9ea7" />
  <Property Key="ecf66caf-80f1-4a40-8c0e-711d4722ac3b" />
  <Property Key="be50be73-a739-4084-b76f-9f2f864f48e2" />
  <Property Key="b98350b4-8f27-49a4-91d7-ab428cd1f665" />
  <Property Key="a08ad540-5ce5-4747-be49-db593281ed5f" />
  <Property Key="45c8984a-f68a-4748-ae22-b0ad943ad061" />
  <Property Key="ba180333-8ac0-460b-a313-6b50e12aee8f" />
  <Property Key="11e3da5b-1f8b-4e3a-bac0-b78919818d94" />
  <Property Key="83c168d4-c113-4e97-a32b-783fe65633d2" />
  <Property Key="5882d32c-a7b2-41b2-8af9-0cd7179f5f2e" />
  <Property Key="578b3612-66ee-4d02-99a2-5bd38b21818b" />
  <Property Key="4c9bffe0-d7c0-4ae8-a46b-93c7a984014c" />
  <Property Key="b6b7bb5c-43ae-4ddf-a708-a5938ebc0d57" />
  <Property Key="b7d449dc-a9cc-4815-98fc-1fe1698eab42" />
  <Property Key="ec32ae46-c296-4ff3-b253-2283408a060d" />
  <Property Key="9db6b82f-0cae-46e2-84f8-a57cc0cc9d80" />
  <Property Key="5ccfe301-f7dc-42fa-8a7c-c1b13763f9fe" />
  <Property Key="6d6d3f06-7dde-4454-81f1-d0af88c07483" />
  <Property Key="b009385e-2e4a-4769-9832-d34f2c66004a" />
  <Property Key="93bde5a6-edfe-40f9-aa8f-086ef48c83cd" />
  <Property Key="a4731b8d-c207-4300-813b-4e975368022f" />
  <Property Key="4287d04f-f607-4686-80db-f2a6d90e399a" />
  <Property Key="8bad0ed3-8ab0-489f-b65f-3a04a1bd4ce7" />
  <Property Key="d3de2c0d-5464-443e-a72b-696d74fe1530" />
  <Property Key="ebe20f22-723c-4717-be7e-12bdc55bdcc9" />
  <Property Key="6fe1f4d6-aa2d-4f91-81fc-a034fac04854" />
  <Property Key="5f7cdb6d-9078-4dd6-80be-b35529e71b34" />
  <Property Key="c1cfc3d8-c267-45de-9035-a25af4f224c1" />
  <Property Key="13cf6da9-e080-40bb-92c0-ce777a3c7d37" />
  <Property Key="9e606831-cc11-48fa-b01a-38fe582c24bb" />
  <Property Key="1ec071d9-eda4-4f9b-a068-65a55cef013b" />
  <Property Key="60aec81d-a669-41d9-8f96-bf0dc90197ed" />
  <Property Key="7f765351-6f3b-43d4-a249-9d5819a8985d" />
  <Property Key="1bae2d3b-dfe2-46bf-af8c-355841b95db8" />
  <Property Key="b816c3c4-ca03-4110-b449-117ddf1307f8" />
  <Property Key="22210288-9d32-4356-9dfe-5177adfc9b5a" />
  <Property Key="8a146f76-828a-493e-b4df-4696157a228b" />
  <Property Key="11ffc980-5b18-497d-8ebd-a95e8a838c2e" />
  <Property Key="0f745617-f4b5-4375-b57b-02693705c8cd" />
  <Property Key="da80b520-ca02-4633-8c05-00a9446f407d" />
  <Property Key="4b9d707b-2b32-41e2-9742-1080855d8171" />
  <Property Key="3d8aae7f-e57a-435b-bdfa-a683676cc2f0" />
  <Property Key="7ef92274-d48b-4455-a545-47592b626f3e" />
  <Property Key="1fad404e-56da-424d-8021-f7290ebf77fd" />
  <Property Key="6732786d-b985-47c4-b592-aa142a3f00d2" />
  <Property Key="1d2b21c7-adf3-4280-a7fc-a8110b0468b9" />
  <Property Key="4683cd77-4cb5-4f40-913d-e5e1a62c05fc" />
  <Property Key="87705659-b6ac-4263-8f0c-876ea82e5c47" />
  <Property Key="5526c32e-ed5c-4f91-8457-965db65608ea" />
  <Property Key="5e35c9ad-b857-4505-b909-a12c01d8f35a" />
  <Property Key="2764dcd4-9f4f-44ff-91a2-07da76abe6ff" />
  <Property Key="5cde6bfb-53cf-43f7-aa70-afad3f198222" />
  <Property Key="dd6ec64b-0544-488a-9ffd-6b98bdc7f112" />
  <Property Key="3b268609-45be-4485-8395-245c05201249" />
  <Property Key="0018fc2f-e162-4dec-a3a2-73ba626aa9ff" />
  <Property Key="b2d320d7-4e29-43de-bae7-1a85bfb94416" />
  <Property Key="2fd252f5-a017-426b-8475-9f24c5114cda" />
  <Property Key="bcdd3e76-05c5-4701-ab44-dad1b6104bf9" />
  <Property Key="1bab0057-005b-472f-9a14-11d7870de26f" />
  <Property Key="c08dd9d8-ac43-4782-bc26-4bbf7ebb5f45" />
  <Property Key="017dc5f6-d8fc-4d38-b849-f3fe7a7aa44d" />
  <Property Key="a6c79d59-e0b2-46b5-ab24-6dfd48c9ae54" />
  <Property Key="b74746a4-0d5f-46c0-957d-509084e7800d" />
  <Property Key="1223f5fa-7ecf-41ad-bd29-bcc8ca2cd621" />
  <Property Key="a91c9f2e-5280-41ea-9ca7-294951f336b7" />
  <Property Key="10b429bc-f8a4-4a42-a9fa-ceed2f19e3c4" />
  <Property Key="d98216d0-831f-477a-b7ac-48530c1b64af" />
  <Property Key="a10f4e38-175b-46ea-a82e-57b4e52f9d9e" />
  <Property Key="82a40f51-20f7-4ed8-9524-3088d71185ec" />
  <Property Key="9a666d02-2cf0-4f1b-bf58-5c8f3b3272ed" />
  <Property Key="39185e76-63eb-443c-80ed-5b5ccd94f728" />
  <Property Key="161a16c5-1dce-4f4c-8bc0-4c885f876807" />
  <Property Key="f4ea675e-c947-4270-9c37-ef7d282b8c21" />
  <Property Key="58e66e2c-734b-4491-b6c3-36e6a975b611" />
  <Property Key="04e3ecb0-70c8-4799-8d62-f66cf19c3fb2" />
  <Property Key="ae8cd9d9-c2c0-488e-82b7-44104eab5040" />
  <Property Key="254e349c-bbc2-4039-adf1-07532887cff6" />
  <Property Key="e6c61cd4-2b5d-4be2-873f-7e9f706415f2" />
  <Property Key="04ea5dc6-b6c7-4f2b-8619-333b664759ce" />
  <Property Key="4476b594-66c7-4385-84af-ababccc42da5" />
  <Property Key="b66d869e-7e88-4572-9ef0-6886fbe4bcd8" />
  <Property Key="cf8da7cf-e329-4fc1-b0b4-dc4012664f3b" />
  <Property Key="249836f4-cd6d-442e-b4a0-ac30c0d4b140" />
  <Property Key="ef40f74a-1823-4a16-bbd3-0b05df0ecdb5" />
  <Property Key="53f92ced-2b81-41bd-80a8-921f2c45de86" />
  <Property Key="e36eb22d-0284-441e-bc21-40f28e61f838" />
  <Property Key="194edc76-e959-4360-ad71-53437f5196ab" />
  <Property Key="d091566a-f7d0-4f23-b706-391ac4604e30" />
  <Property Key="97896da3-0aef-4b86-94a9-5a1d62da6a96" />
  <Property Key="653a352b-e1c2-48ef-82f0-2bc22b3b81c7" />
  <Property Key="38bb2572-1e24-45f3-ac19-9bdba34f8015" />
  <Property Key="6feef292-6754-433c-a360-93a21f3a6f0f" />
  <Property Key="31baa870-e4d7-413a-b956-574734d9d39d" />
  <Property Key="99f47bf1-7449-4a38-a1ce-58edd9bf2132" />
  <Property Key="a3a14183-dc9a-4f5b-b20d-8553e2e5e05b" />
  <Property Key="375c6221-8cd7-460d-8812-f63b8ee31d20" />
  <Property Key="18dd5a4b-f827-4cff-867a-dfba580da522" />
  <Property Key="42750e1f-c806-4094-8101-65403b2158f4" />
  <Property Key="40f197c1-9c29-4ac1-8bb6-7eadd60a4c5f" />
  <Property Key="216179f0-3c88-47a0-9dcc-d112525a9986" />
  <Property Key="ab167a2f-cc57-48d4-a5d3-be46cc3c811a" />
  <Property Key="76998377-a378-4033-81b0-066788ce6881" />
  <Property Key="1183cf51-5141-45cf-8a6a-4df3c54e2868" />
  <Property Key="31504fe6-e5a8-465a-b86a-bfed6e27e15b" />
  <Property Key="87d526a7-49a4-4dc3-bf88-6479be8d1f96" />
  <Property Key="6d4334df-0208-4f06-a6f8-de9383947438" />
  <Property Key="d20f5c2b-a7b7-48e4-8061-d5a2d131d459" />
  <Property Key="a34b4949-2f86-4f26-9a49-b9604b48baae" />
  <Property Key="5f203d84-aa0d-453a-b719-3f1f7c68df46" />
  <Property Key="1dd890eb-ee77-4705-88fd-8cdf1fb9f9d7" />
  <Property Key="f90be886-67e2-4763-b564-b615a6d19d2a" />
  <Property Key="c548b5b1-2d4e-4e56-b260-97bdcc8a6f62" />
  <Property Key="8965719e-126a-4c82-87ad-0188c5d35f03" />
  <Property Key="ae3114a7-d600-4516-8388-a0718477c273" />
  <Property Key="27be614f-753e-4f01-ac95-2e91ab29c842" />
  <Property Key="fe6f8cca-8f50-4a6c-bfd2-05e7a7f6e164" />
</LayoutLocalization>
    </File>
  </Locale>
  <Locale LocaleFileID="B19AD70A-EC1A-4022-9E2E-9BBAB1251DD1" LocaleID="1033" InstanceID="3200c1f1-6caa-4c73-a169-78f3a12d155c" RowID="AF6C210A-6B62-4074-B973-2FB72E397FFD" OwnServerID="00000000-0000-0000-0000-000000000000" ChangeServerID="00000000-0000-0000-0000-000000000000">
    <File FileID="B19AD70A-EC1A-4022-9E2E-9BBAB1251DD1" OwnerCardID="98FBB99A-C359-4685-92D8-71EB93FAE56B" Name="Localization File" StandardAttribs="0" ExtendedAttribs="0">
      <LayoutLocalization xmlns:xsi="http://www.w3.org/2001/XMLSchema-instance" xmlns:xsd="http://www.w3.org/2001/XMLSchema" xmlns="http://schemas.docsvision.com/Platform/2015-07-01/Metadata/">
  <Property Key="f73add13-a036-4e0b-8968-d79425c0974c" PropertyValue="Possibility of substitution" SolutionId="70d44593-8859-4a7b-84e8-5e611294c0ab" />
  <Property Key="015c00fe-b400-4670-b4cc-7aeda18cfdad" PropertyValue="New document (Outgoing)" SolutionId="70d44593-8859-4a7b-84e8-5e611294c0ab" />
  <Property Key="908875f2-0d15-4e20-93e9-7c514b007e03" PropertyValue="Create" SolutionId="70d44593-8859-4a7b-84e8-5e611294c0ab" />
  <Property Key="f0553208-b799-40d5-9b54-ba8804336590" PropertyValue="Cancel" SolutionId="70d44593-8859-4a7b-84e8-5e611294c0ab" />
  <Property Key="33ff5a31-f8d0-4e43-9e99-59492a2edfd8" PropertyValue="Information" SolutionId="70d44593-8859-4a7b-84e8-5e611294c0ab" />
  <Property Key="521ba363-7f34-4f19-bfd4-f90b1401dfef" PropertyValue="Name" SolutionId="70d44593-8859-4a7b-84e8-5e611294c0ab" />
  <Property Key="73e59051-f7b2-4b3c-8954-61ac24a770cb" PropertyValue="Name of document" SolutionId="70d44593-8859-4a7b-84e8-5e611294c0ab" />
  <Property Key="76be480f-6b6d-41cc-a473-1178b762b0fd" PropertyValue="Document name is too long" SolutionId="70d44593-8859-4a7b-84e8-5e611294c0ab" />
  <Property Key="79b78cc2-4c80-4fcd-a187-dd06a46435e7" PropertyValue="Registrar" SolutionId="70d44593-8859-4a7b-84e8-5e611294c0ab" />
  <Property Key="aab7911a-2510-4a79-9d65-d14de0f5352a" PropertyValue="The employee who prepared the document" SolutionId="70d44593-8859-4a7b-84e8-5e611294c0ab" />
  <Property Key="20a41877-be5e-4f62-9b95-f84edfb04425" PropertyValue="Date of registration" SolutionId="70d44593-8859-4a7b-84e8-5e611294c0ab" />
  <Property Key="97b06dd8-07ae-4f81-a8d6-346fff1a2905" PropertyValue="Date of registration of the document in our organization" SolutionId="70d44593-8859-4a7b-84e8-5e611294c0ab" />
  <Property Key="939ba42a-ac13-4050-ae74-288dd75cd172" PropertyValue="Approvers" SolutionId="70d44593-8859-4a7b-84e8-5e611294c0ab" />
  <Property Key="fdc5bdd5-01fc-465e-a51d-c93e087fb84f" PropertyValue="Signer" SolutionId="70d44593-8859-4a7b-84e8-5e611294c0ab" />
  <Property Key="bf924969-b07d-419b-871f-d3f082224735" PropertyValue="Note" SolutionId="70d44593-8859-4a7b-84e8-5e611294c0ab" />
  <Property Key="6a09212e-c0c4-4a0a-b348-6537a15dee67" PropertyValue="Addressees" SolutionId="70d44593-8859-4a7b-84e8-5e611294c0ab" />
  <Property Key="21689351-9e49-4edf-b6b8-62e6430d9d0d" PropertyValue="Organization" SolutionId="70d44593-8859-4a7b-84e8-5e611294c0ab" />
  <Property Key="c13a0499-240a-4fda-b8fc-983898d96c14" PropertyValue="Counteragents - recipients of the document" SolutionId="70d44593-8859-4a7b-84e8-5e611294c0ab" />
  <Property Key="f9dd4b8f-11cd-4ee9-932f-5e037879571b" PropertyValue="Employee" SolutionId="70d44593-8859-4a7b-84e8-5e611294c0ab" />
  <Property Key="791fdf9b-bb14-463b-83df-17a2118caaa8" PropertyValue="Counterparty employee - recipient" SolutionId="70d44593-8859-4a7b-84e8-5e611294c0ab" />
  <Property Key="6406cfe7-3dd3-419d-a726-edf8a7b5b3b9" PropertyValue="Links" SolutionId="70d44593-8859-4a7b-84e8-5e611294c0ab" />
  <Property Key="d8459777-15cd-4d49-a706-d0aef5343a45" PropertyValue="Select folder" SolutionId="70d44593-8859-4a7b-84e8-5e611294c0ab" />
  <Property Key="9f83bfdb-769e-4cb2-85e5-6cc9b8de89bb" PropertyValue="Folder" SolutionId="70d44593-8859-4a7b-84e8-5e611294c0ab" />
  <Property Key="465b7071-c7c2-44b0-b14a-a5905fc0df0b" PropertyValue="Editing a document" SolutionId="70d44593-8859-4a7b-84e8-5e611294c0ab" />
  <Property Key="1723ddb5-4e34-434b-b24c-e2d237b79733" PropertyValue="Save" SolutionId="70d44593-8859-4a7b-84e8-5e611294c0ab" />
  <Property Key="c291d73e-8b13-4f89-8a9b-af3f5ffd9844" PropertyValue="APPROVAL HISTORY " SolutionId="70d44593-8859-4a7b-84e8-5e611294c0ab" />
  <Property Key="4b3c39fc-e684-4db9-9493-6b1a4aa75232" PropertyValue="Agreement list" SolutionId="70d44593-8859-4a7b-84e8-5e611294c0ab" />
  <Property Key="2a7985ee-d387-45a1-9ff7-0444a746891a" PropertyValue="For acquaintance" SolutionId="70d44593-8859-4a7b-84e8-5e611294c0ab" />
  <Property Key="6c58a927-0bda-4473-8705-c0e94503cb28" PropertyValue="Create incoming" SolutionId="70d44593-8859-4a7b-84e8-5e611294c0ab" />
  <Property Key="c5bbfe18-9f74-484b-8803-813c7d648dd3" PropertyValue="HISTORY" SolutionId="70d44593-8859-4a7b-84e8-5e611294c0ab" />
  <Property Key="8daa3848-156d-4024-9470-fcbc8911df9b" PropertyValue="Document registration number" SolutionId="70d44593-8859-4a7b-84e8-5e611294c0ab" />
  <Property Key="782b20ae-8f42-47fd-934c-4cdb3e3ca885" PropertyValue="Reg. number" SolutionId="70d44593-8859-4a7b-84e8-5e611294c0ab" />
  <Property Key="ccc119da-1e42-443c-ac6b-90f2eb5c08d5" PropertyValue="Reg. date" SolutionId="70d44593-8859-4a7b-84e8-5e611294c0ab" />
  <Property Key="626dda3b-66cb-44ba-966b-c643a8b9c432" PropertyValue="Approving" SolutionId="70d44593-8859-4a7b-84e8-5e611294c0ab" />
  <Property Key="3468b6ce-9f06-4b51-ae33-c64d2e96b5e5" PropertyValue="The document has been sent to recipients" SolutionId="70d44593-8859-4a7b-84e8-5e611294c0ab" />
  <Property Key="59cf7ba8-091d-411f-9f62-49d15d5867d2" PropertyValue="E-mail" SolutionId="70d44593-8859-4a7b-84e8-5e611294c0ab" />
  <Property Key="8fef41a3-4cae-4ff0-af1b-f8e5011179d9" PropertyValue="Phone" SolutionId="70d44593-8859-4a7b-84e8-5e611294c0ab" />
  <Property Key="f7734750-da6d-4835-a64d-f29d51dbd974" PropertyValue="Execution process" SolutionId="70d44593-8859-4a7b-84e8-5e611294c0ab" />
  <Property Key="b2f36145-6ec6-4971-8b76-991008be8067" PropertyValue="Create task" SolutionId="70d44593-8859-4a7b-84e8-5e611294c0ab" />
  <Property Key="b12c78be-c76d-42af-9e7c-969ce06473b2" PropertyValue="Tasks tree" SolutionId="70d44593-8859-4a7b-84e8-5e611294c0ab" />
  <Property Key="832a4f0b-cd38-4a44-882d-61e8cf7e487f" PropertyValue="Execution table" SolutionId="70d44593-8859-4a7b-84e8-5e611294c0ab" />
  <Property Key="39c6bec4-7916-49a4-8340-59c9b3d89183" PropertyValue="Discussion" SolutionId="70d44593-8859-4a7b-84e8-5e611294c0ab" />
  <Property Key="b3cc6d0b-f874-44b6-8753-b27990b5ea25" PropertyValue="Input comment" SolutionId="70d44593-8859-4a7b-84e8-5e611294c0ab" />
  <Property Key="a2d3829d-8e7d-4bd7-a5d7-3a9fff1526e7" PropertyValue="New file" SolutionId="70d44593-8859-4a7b-84e8-5e611294c0ab" />
  <Property Key="a72a8aa0-4d94-4bab-bf8b-c2071de83ad4" PropertyValue="Name" SolutionId="70d44593-8859-4a7b-84e8-5e611294c0ab" />
  <Property Key="15b3993b-f252-4136-a9af-eefe40330fe4" PropertyValue="Editing a file" SolutionId="70d44593-8859-4a7b-84e8-5e611294c0ab" />
  <Property Key="d0c73b70-42c8-4b19-b88f-b6634d8bf332" PropertyValue="New power of attorney" SolutionId="70d44593-8859-4a7b-84e8-5e611294c0ab" />
  <Property Key="074344f7-2e9d-4019-83c2-7bcb3eb2a74f" PropertyValue="Single registration number of power of attorney" SolutionId="70d44593-8859-4a7b-84e8-5e611294c0ab" />
  <Property Key="0d52ce93-17cb-4c77-9620-035acdc9bba9" PropertyValue="Start date of power of attorney" SolutionId="70d44593-8859-4a7b-84e8-5e611294c0ab" />
  <Property Key="b63ab5e4-0487-4432-8b0d-a4a52e942f12" PropertyValue="End date of power of attorney" SolutionId="70d44593-8859-4a7b-84e8-5e611294c0ab" />
  <Property Key="3debab14-f1be-4c58-8045-99d3ffe765e9" PropertyValue="Sign of joint powers" SolutionId="70d44593-8859-4a7b-84e8-5e611294c0ab" />
  <Property Key="24943569-479b-4557-b3d3-51f199df8fb5" PropertyValue="Сведения о безотзывной доверенности" SolutionId="70d44593-8859-4a7b-84e8-5e611294c0ab" />
  <Property Key="87f0f7b9-fefc-42b8-8120-a385d6356bb7" PropertyValue="Sign of irrevocable power of attorney" SolutionId="70d44593-8859-4a7b-84e8-5e611294c0ab" />
  <Property Key="1224ee37-9250-4871-953f-328d14a416f4" PropertyValue="Revocation condition" SolutionId="70d44593-8859-4a7b-84e8-5e611294c0ab" />
  <Property Key="86e5f16b-d095-41f8-813b-09e8024bbaf1" PropertyValue="Description of revocation condition" SolutionId="70d44593-8859-4a7b-84e8-5e611294c0ab" />
  <Property Key="0c205580-47b7-48cd-ad11-1116e29c02e0" PropertyValue="Information about principal" SolutionId="70d44593-8859-4a7b-84e8-5e611294c0ab" />
  <Property Key="bffdabe2-64a4-4c2e-87dc-611694163b38" PropertyValue="Type of principal" SolutionId="70d44593-8859-4a7b-84e8-5e611294c0ab" />
  <Property Key="ee00cfc9-219a-46db-bfb5-fd89b0ef78ff" PropertyValue="Information about principal – russian entity" SolutionId="70d44593-8859-4a7b-84e8-5e611294c0ab" />
  <Property Key="418a0288-fdc0-4b14-b60d-2236082cee43" PropertyValue="Information about principal russian legal entity" SolutionId="70d44593-8859-4a7b-84e8-5e611294c0ab" />
  <Property Key="3e1aec85-f9ed-420a-b2c8-04074be2c10f" PropertyValue="Information about subject acting on behalf of organization without power of attorney" SolutionId="70d44593-8859-4a7b-84e8-5e611294c0ab" />
  <Property Key="e73d7ac9-cd46-4f72-badf-c2b76ece27cf" PropertyValue="Name of constituent document" SolutionId="70d44593-8859-4a7b-84e8-5e611294c0ab" />
  <Property Key="1331ae9b-10ca-4f41-b5f5-96c31012ae91" PropertyValue="Filled in only when issuing power of attorney subject to notarization" SolutionId="70d44593-8859-4a7b-84e8-5e611294c0ab" />
  <Property Key="2ef72671-a403-4948-80ee-0617e5e03287" PropertyValue="Select organization from directory" SolutionId="70d44593-8859-4a7b-84e8-5e611294c0ab" />
  <Property Key="89c2535a-006c-4751-8601-1ae5890b220c" PropertyValue="Information about legal entity" SolutionId="70d44593-8859-4a7b-84e8-5e611294c0ab" />
  <Property Key="0d520079-2918-4d50-88a2-b93881e6dc2c" PropertyValue="Registration address" SolutionId="70d44593-8859-4a7b-84e8-5e611294c0ab" />
  <Property Key="0ee6b1dc-864e-43a0-b32f-406d7cdba4fb" PropertyValue="Subject of Russian Federation (code)" SolutionId="70d44593-8859-4a7b-84e8-5e611294c0ab" />
  <Property Key="1e33737c-d88d-470a-847a-4c359392e3a9" PropertyValue="Address in Russian Federation" SolutionId="70d44593-8859-4a7b-84e8-5e611294c0ab" />
  <Property Key="125e640e-31ac-4460-bd09-67867648bfd9" PropertyValue="Actual location address" SolutionId="70d44593-8859-4a7b-84e8-5e611294c0ab" />
  <Property Key="eb261128-1cb2-4428-82ec-6a5279ac683e" PropertyValue="Information about individual" SolutionId="70d44593-8859-4a7b-84e8-5e611294c0ab" />
  <Property Key="d269f4ff-9463-494b-b539-8fd4cc1781fc" PropertyValue="TIN of individual" SolutionId="70d44593-8859-4a7b-84e8-5e611294c0ab" />
  <Property Key="f23f5151-481f-4a59-85eb-00eefd700aac" PropertyValue="Individual insurance account number" SolutionId="70d44593-8859-4a7b-84e8-5e611294c0ab" />
  <Property Key="f61e84cf-2691-48b2-b677-d9692a89e116" PropertyValue="Name of document confirming authority" SolutionId="70d44593-8859-4a7b-84e8-5e611294c0ab" />
  <Property Key="b5f01490-07cf-434e-b1a7-a22177392507" PropertyValue="Details of document confirming authority" SolutionId="70d44593-8859-4a7b-84e8-5e611294c0ab" />
  <Property Key="64545e66-c23b-4be2-a7b5-2c0d1e4869e2" PropertyValue="Date of issue" SolutionId="70d44593-8859-4a7b-84e8-5e611294c0ab" />
  <Property Key="09754eee-4176-44c3-90e6-77a442d6b065" PropertyValue="Issued by" SolutionId="70d44593-8859-4a7b-84e8-5e611294c0ab" />
  <Property Key="043eaf33-9ec8-4df2-bfb4-13c79d2288e1" PropertyValue="Information about document's certification, if it is certified" SolutionId="70d44593-8859-4a7b-84e8-5e611294c0ab" />
  <Property Key="c7e6eee4-4e88-47c1-b80c-795e0d7114ac" PropertyValue="Individual" SolutionId="70d44593-8859-4a7b-84e8-5e611294c0ab" />
  <Property Key="84e0d7ac-c261-435a-8e4e-00a1621abed9" PropertyValue="Place of birth" SolutionId="70d44593-8859-4a7b-84e8-5e611294c0ab" />
  <Property Key="c9099c99-a799-4083-bb32-000d2e521f64" PropertyValue="Sign of citizenship" SolutionId="70d44593-8859-4a7b-84e8-5e611294c0ab" />
  <Property Key="265448bb-66de-412e-aa99-37b7f2980518" PropertyValue="Foreign citizenship (code)" SolutionId="70d44593-8859-4a7b-84e8-5e611294c0ab" />
  <Property Key="d4dcc5c3-8fa2-4abf-82c4-d05b57a27f06" PropertyValue="Takes a value in accordance with the All-Russian classifier of the countries of the world." SolutionId="70d44593-8859-4a7b-84e8-5e611294c0ab" />
  <Property Key="8faa300a-9be4-47e3-a81a-66b5bfe56426" PropertyValue="Residence address" SolutionId="70d44593-8859-4a7b-84e8-5e611294c0ab" />
  <Property Key="e120af8b-33c0-4d8b-b684-e2fff5f39076" PropertyValue="Information about document proving identity of individual" SolutionId="70d44593-8859-4a7b-84e8-5e611294c0ab" />
  <Property Key="2c201d64-425d-4c80-9aba-2585f4d5d617" PropertyValue="Document type code" SolutionId="70d44593-8859-4a7b-84e8-5e611294c0ab" />
  <Property Key="3a90af1b-c668-4c48-b09e-33a0c9f430d0" PropertyValue="Document series and number" SolutionId="70d44593-8859-4a7b-84e8-5e611294c0ab" />
  <Property Key="ba26c860-baab-4755-b32d-a2cd343e2f13" PropertyValue="Document issue date" SolutionId="70d44593-8859-4a7b-84e8-5e611294c0ab" />
  <Property Key="77f4e210-3714-4cb1-8e79-0fe9d1135dd4" PropertyValue="Name of authority that issued document" SolutionId="70d44593-8859-4a7b-84e8-5e611294c0ab" />
  <Property Key="29882b30-9ecf-451c-8318-804b556dcdf0" PropertyValue="Element is required for passport of citizen of Russian Federation" SolutionId="70d44593-8859-4a7b-84e8-5e611294c0ab" />
  <Property Key="3e2e38b1-a604-47cc-822b-f90ed8cb9ea7" PropertyValue="Division code of authority that issued document" SolutionId="70d44593-8859-4a7b-84e8-5e611294c0ab" />
  <Property Key="ecf66caf-80f1-4a40-8c0e-711d4722ac3b" PropertyValue="Information about principal - foreign legal entity" SolutionId="70d44593-8859-4a7b-84e8-5e611294c0ab" />
  <Property Key="be50be73-a739-4084-b76f-9f2f864f48e2" PropertyValue="Information about foreign legal entity" SolutionId="70d44593-8859-4a7b-84e8-5e611294c0ab" />
  <Property Key="b98350b4-8f27-49a4-91d7-ab428cd1f665" PropertyValue="Information about head of separate division" SolutionId="70d44593-8859-4a7b-84e8-5e611294c0ab" />
  <Property Key="a08ad540-5ce5-4747-be49-db593281ed5f" PropertyValue="Accreditation record number" SolutionId="70d44593-8859-4a7b-84e8-5e611294c0ab" />
  <Property Key="45c8984a-f68a-4748-ae22-b0ad943ad061" PropertyValue="Takes value in accordance with the All-Russian classifier of countries of the world" SolutionId="70d44593-8859-4a7b-84e8-5e611294c0ab" />
  <Property Key="ba180333-8ac0-460b-a313-6b50e12aee8f" PropertyValue="Code of country of registration (incorporation)" SolutionId="70d44593-8859-4a7b-84e8-5e611294c0ab" />
  <Property Key="11e3da5b-1f8b-4e3a-bac0-b78919818d94" PropertyValue="Name of registering authority" SolutionId="70d44593-8859-4a7b-84e8-5e611294c0ab" />
  <Property Key="83c168d4-c113-4e97-a32b-783fe65633d2" PropertyValue="Registration number" SolutionId="70d44593-8859-4a7b-84e8-5e611294c0ab" />
  <Property Key="5882d32c-a7b2-41b2-8af9-0cd7179f5f2e" PropertyValue="Address of legal entity in territory of state in which it is registered" SolutionId="70d44593-8859-4a7b-84e8-5e611294c0ab" />
  <Property Key="578b3612-66ee-4d02-99a2-5bd38b21818b" PropertyValue="TIN of individual - head of separate division" SolutionId="70d44593-8859-4a7b-84e8-5e611294c0ab" />
  <Property Key="4c9bffe0-d7c0-4ae8-a46b-93c7a984014c" PropertyValue="Information about individual" SolutionId="70d44593-8859-4a7b-84e8-5e611294c0ab" />
  <Property Key="b6b7bb5c-43ae-4ddf-a708-a5938ebc0d57" PropertyValue="Information about principal - individual entrepreneur" SolutionId="70d44593-8859-4a7b-84e8-5e611294c0ab" />
  <Property Key="b7d449dc-a9cc-4815-98fc-1fe1698eab42" PropertyValue="Name of individual entrepreneur" SolutionId="70d44593-8859-4a7b-84e8-5e611294c0ab" />
  <Property Key="ec32ae46-c296-4ff3-b253-2283408a060d" PropertyValue="Name of individual entrepreneur according to USRIP" SolutionId="70d44593-8859-4a7b-84e8-5e611294c0ab" />
  <Property Key="9db6b82f-0cae-46e2-84f8-a57cc0cc9d80" PropertyValue="Information about principal - individual" SolutionId="70d44593-8859-4a7b-84e8-5e611294c0ab" />
  <Property Key="5ccfe301-f7dc-42fa-8a7c-c1b13763f9fe" PropertyValue="Sign of presence of full civil capacity of principal - individual" SolutionId="70d44593-8859-4a7b-84e8-5e611294c0ab" />
  <Property Key="6d6d3f06-7dde-4454-81f1-d0af88c07483" PropertyValue="Name and details of document confirming incapacity of principal of individual" SolutionId="70d44593-8859-4a7b-84e8-5e611294c0ab" />
  <Property Key="b009385e-2e4a-4769-9832-d34f2c66004a" PropertyValue="Information about legal representative of individual" SolutionId="70d44593-8859-4a7b-84e8-5e611294c0ab" />
  <Property Key="93bde5a6-edfe-40f9-aa8f-086ef48c83cd" PropertyValue="Наименование документа, подтверждающего недееспособность доверителя физического лица" SolutionId="70d44593-8859-4a7b-84e8-5e611294c0ab" />
  <Property Key="a4731b8d-c207-4300-813b-4e975368022f" PropertyValue="Details of document confirming authority of legal representative of individual" SolutionId="70d44593-8859-4a7b-84e8-5e611294c0ab" />
  <Property Key="4287d04f-f607-4686-80db-f2a6d90e399a" PropertyValue="Signer" SolutionId="70d44593-8859-4a7b-84e8-5e611294c0ab" />
  <Property Key="8bad0ed3-8ab0-489f-b65f-3a04a1bd4ce7" PropertyValue="Machine readable power of attorney signer" SolutionId="70d44593-8859-4a7b-84e8-5e611294c0ab" />
  <Property Key="d3de2c0d-5464-443e-a72b-696d74fe1530" PropertyValue="Individual signing a power of attorney on behalf of principal (Russian organization / foreign organization) without power of attorney or individual signing power of attorney on his own behalf / legal representative of individual" SolutionId="70d44593-8859-4a7b-84e8-5e611294c0ab" />
  <Property Key="ebe20f22-723c-4717-be7e-12bdc55bdcc9" PropertyValue="Information about authorized representative" SolutionId="70d44593-8859-4a7b-84e8-5e611294c0ab" />
  <Property Key="6fe1f4d6-aa2d-4f91-81fc-a034fac04854" PropertyValue="Type of authorized representative" SolutionId="70d44593-8859-4a7b-84e8-5e611294c0ab" />
  <Property Key="5f7cdb6d-9078-4dd6-80be-b35529e71b34" PropertyValue="Сведения об организации" SolutionId="70d44593-8859-4a7b-84e8-5e611294c0ab" />
  <Property Key="c1cfc3d8-c267-45de-9035-a25af4f224c1" PropertyValue="Information about sole proprietor" SolutionId="70d44593-8859-4a7b-84e8-5e611294c0ab" />
  <Property Key="13cf6da9-e080-40bb-92c0-ce777a3c7d37" PropertyValue="TIN of sole proprietor" SolutionId="70d44593-8859-4a7b-84e8-5e611294c0ab" />
  <Property Key="9e606831-cc11-48fa-b01a-38fe582c24bb" PropertyValue="OGRNIP" SolutionId="70d44593-8859-4a7b-84e8-5e611294c0ab" />
  <Property Key="1ec071d9-eda4-4f9b-a068-65a55cef013b" PropertyValue="Full name of individual" SolutionId="70d44593-8859-4a7b-84e8-5e611294c0ab" />
  <Property Key="60aec81d-a669-41d9-8f96-bf0dc90197ed" PropertyValue="Surname, name, patronymic (if any) of individual" SolutionId="70d44593-8859-4a7b-84e8-5e611294c0ab" />
  <Property Key="7f765351-6f3b-43d4-a249-9d5819a8985d" PropertyValue="Information about powers of representative" SolutionId="70d44593-8859-4a7b-84e8-5e611294c0ab" />
  <Property Key="1bae2d3b-dfe2-46bf-af8c-355841b95db8" PropertyValue="Textual description of powers of authorized representative" SolutionId="70d44593-8859-4a7b-84e8-5e611294c0ab" />
  <Property Key="b816c3c4-ca03-4110-b449-117ddf1307f8" PropertyValue="Powers for transfer" SolutionId="70d44593-8859-4a7b-84e8-5e611294c0ab" />
  <Property Key="22210288-9d32-4356-9dfe-5177adfc9b5a" PropertyValue="Not lost" SolutionId="70d44593-8859-4a7b-84e8-5e611294c0ab" />
  <Property Key="8a146f76-828a-493e-b4df-4696157a228b" PropertyValue="Lost" SolutionId="70d44593-8859-4a7b-84e8-5e611294c0ab" />
  <Property Key="11ffc980-5b18-497d-8ebd-a95e8a838c2e" PropertyValue="To be filled in if powers of the sole executive body of business partnership or company have been transferred to managing organization" SolutionId="70d44593-8859-4a7b-84e8-5e611294c0ab" />
  <Property Key="0f745617-f4b5-4375-b57b-02693705c8cd" PropertyValue="Choose organization-principal from directory" SolutionId="70d44593-8859-4a7b-84e8-5e611294c0ab" />
  <Property Key="da80b520-ca02-4633-8c05-00a9446f407d" PropertyValue="Reassignment of irrevocable power of attorney" SolutionId="70d44593-8859-4a7b-84e8-5e611294c0ab" />
  <Property Key="4b9d707b-2b32-41e2-9742-1080855d8171" PropertyValue="Code of subject of Russian Federation" SolutionId="70d44593-8859-4a7b-84e8-5e611294c0ab" />
  <Property Key="3d8aae7f-e57a-435b-bdfa-a683676cc2f0" PropertyValue="Document kind" SolutionId="70d44593-8859-4a7b-84e8-5e611294c0ab" />
  <Property Key="7ef92274-d48b-4455-a545-47592b626f3e" PropertyValue="Ability to revoke power of attorney" SolutionId="70d44593-8859-4a7b-84e8-5e611294c0ab" />
  <Property Key="1fad404e-56da-424d-8021-f7290ebf77fd" PropertyValue="Code of subject of Russian Federation" SolutionId="70d44593-8859-4a7b-84e8-5e611294c0ab" />
  <Property Key="6732786d-b985-47c4-b592-aa142a3f00d2" PropertyValue="Information about an individual acting on behalf of a legal entity" SolutionId="70d44593-8859-4a7b-84e8-5e611294c0ab" />
  <Property Key="1d2b21c7-adf3-4280-a7fc-a8110b0468b9" PropertyValue="Information about organization, incl. individual acting on behalf it" SolutionId="70d44593-8859-4a7b-84e8-5e611294c0ab" />
  <Property Key="4683cd77-4cb5-4f40-913d-e5e1a62c05fc" PropertyValue="Code of country of citizenship of foreign representative" SolutionId="70d44593-8859-4a7b-84e8-5e611294c0ab" />
  <Property Key="87705659-b6ac-4263-8f0c-876ea82e5c47" PropertyValue="Code of country of citizenship of foreign citizen" SolutionId="70d44593-8859-4a7b-84e8-5e611294c0ab" />
  <Property Key="5526c32e-ed5c-4f91-8457-965db65608ea" PropertyValue="Details of document confirming authority of head" SolutionId="70d44593-8859-4a7b-84e8-5e611294c0ab" />
  <Property Key="5e35c9ad-b857-4505-b909-a12c01d8f35a" PropertyValue="Specify legal entity" SolutionId="70d44593-8859-4a7b-84e8-5e611294c0ab" />
  <Property Key="2764dcd4-9f4f-44ff-91a2-07da76abe6ff" PropertyValue="Required if power of attorney requires legal entity to be specified as authorized representative, for example, management company" SolutionId="70d44593-8859-4a7b-84e8-5e611294c0ab" />
  <Property Key="5cde6bfb-53cf-43f7-aa70-afad3f198222" PropertyValue="Name of document confirming incapacity of principal-individual" SolutionId="70d44593-8859-4a7b-84e8-5e611294c0ab" />
  <Property Key="dd6ec64b-0544-488a-9ffd-6b98bdc7f112" PropertyValue="Power of attorney on basis of which the transfer is carried out" SolutionId="70d44593-8859-4a7b-84e8-5e611294c0ab" />
  <Property Key="3b268609-45be-4485-8395-245c05201249" PropertyValue="Choose type of power of attorney" SolutionId="70d44593-8859-4a7b-84e8-5e611294c0ab" />
  <Property Key="0018fc2f-e162-4dec-a3a2-73ba626aa9ff" PropertyValue="Basic power of attorney" SolutionId="70d44593-8859-4a7b-84e8-5e611294c0ab" />
  <Property Key="b2d320d7-4e29-43de-bae7-1a85bfb94416" PropertyValue="Information about information system that provides technical possibility of obtaining information about power of attorney, early termination of power of attorney, including due to its cancellation by principal" SolutionId="70d44593-8859-4a7b-84e8-5e611294c0ab" />
  <Property Key="2fd252f5-a017-426b-8475-9f24c5114cda" PropertyValue="Uniform Resource Locator (URL) or textual description of system if system does not provide for remote invocation of its APIs." SolutionId="70d44593-8859-4a7b-84e8-5e611294c0ab" />
  <Property Key="bcdd3e76-05c5-4701-ab44-dad1b6104bf9" PropertyValue="Information about subject who transferred powers" SolutionId="70d44593-8859-4a7b-84e8-5e611294c0ab" />
  <Property Key="1bab0057-005b-472f-9a14-11d7870de26f" PropertyValue="Type of subject who transferred powers" SolutionId="70d44593-8859-4a7b-84e8-5e611294c0ab" />
  <Property Key="c08dd9d8-ac43-4782-bc26-4bbf7ebb5f45" PropertyValue="Information about subject who transferred powers - sole proprietor" SolutionId="70d44593-8859-4a7b-84e8-5e611294c0ab" />
  <Property Key="017dc5f6-d8fc-4d38-b849-f3fe7a7aa44d" PropertyValue="Information about subject who transferred powers - Russian legal entity" SolutionId="70d44593-8859-4a7b-84e8-5e611294c0ab" />
  <Property Key="a6c79d59-e0b2-46b5-ab24-6dfd48c9ae54" PropertyValue="Information about authorized person" SolutionId="70d44593-8859-4a7b-84e8-5e611294c0ab" />
  <Property Key="b74746a4-0d5f-46c0-957d-509084e7800d" PropertyValue="Information about delegated powers" SolutionId="70d44593-8859-4a7b-84e8-5e611294c0ab" />
  <Property Key="1223f5fa-7ecf-41ad-bd29-bcc8ca2cd621" PropertyValue="Power of attorney in order of substitution" SolutionId="70d44593-8859-4a7b-84e8-5e611294c0ab" />
  <Property Key="a91c9f2e-5280-41ea-9ca7-294951f336b7" PropertyValue="Information system containing power of attorney data" SolutionId="70d44593-8859-4a7b-84e8-5e611294c0ab" />
  <Property Key="10b429bc-f8a4-4a42-a9fa-ceed2f19e3c4" PropertyValue="Information about power of attorney issued in order of substitution" SolutionId="70d44593-8859-4a7b-84e8-5e611294c0ab" />
  <Property Key="d98216d0-831f-477a-b7ac-48530c1b64af" PropertyValue="Powers" SolutionId="70d44593-8859-4a7b-84e8-5e611294c0ab" />
  <Property Key="a10f4e38-175b-46ea-a82e-57b4e52f9d9e" PropertyValue="Power of attorney" SolutionId="70d44593-8859-4a7b-84e8-5e611294c0ab" />
  <Property Key="82a40f51-20f7-4ed8-9524-3088d71185ec" PropertyValue="Generate power of attorney" SolutionId="70d44593-8859-4a7b-84e8-5e611294c0ab" />
  <Property Key="9a666d02-2cf0-4f1b-bf58-5c8f3b3272ed" PropertyValue="Information about authorized representative" SolutionId="70d44593-8859-4a7b-84e8-5e611294c0ab" />
  <Property Key="39185e76-63eb-443c-80ed-5b5ccd94f728" PropertyValue="Тип" SolutionId="70d44593-8859-4a7b-84e8-5e611294c0ab" />
  <Property Key="161a16c5-1dce-4f4c-8bc0-4c885f876807" PropertyValue="Joint powers" SolutionId="70d44593-8859-4a7b-84e8-5e611294c0ab" />
  <Property Key="f4ea675e-c947-4270-9c37-ef7d282b8c21" PropertyValue="Basic power of attorney" SolutionId="70d44593-8859-4a7b-84e8-5e611294c0ab" />
  <Property Key="58e66e2c-734b-4491-b6c3-36e6a975b611" PropertyValue="Substitute power of attorney" SolutionId="70d44593-8859-4a7b-84e8-5e611294c0ab" />
  <Property Key="04e3ecb0-70c8-4799-8d62-f66cf19c3fb2" PropertyValue="Powers are individual" SolutionId="70d44593-8859-4a7b-84e8-5e611294c0ab" />
  <Property Key="ae8cd9d9-c2c0-488e-82b7-44104eab5040" PropertyValue="Without right of substitution" SolutionId="70d44593-8859-4a7b-84e8-5e611294c0ab" />
  <Property Key="254e349c-bbc2-4039-adf1-07532887cff6" PropertyValue="One-time substitution" SolutionId="70d44593-8859-4a7b-84e8-5e611294c0ab" />
  <Property Key="e6c61cd4-2b5d-4be2-873f-7e9f706415f2" PropertyValue="Substitution is possible with subsequent substitution" SolutionId="70d44593-8859-4a7b-84e8-5e611294c0ab" />
  <Property Key="04ea5dc6-b6c7-4f2b-8619-333b664759ce" PropertyValue="Joint powers" SolutionId="70d44593-8859-4a7b-84e8-5e611294c0ab" />
  <Property Key="4476b594-66c7-4385-84af-ababccc42da5" PropertyValue="Revocation is possible" SolutionId="70d44593-8859-4a7b-84e8-5e611294c0ab" />
  <Property Key="b66d869e-7e88-4572-9ef0-6886fbe4bcd8" PropertyValue="Without possibility of revocation" SolutionId="70d44593-8859-4a7b-84e8-5e611294c0ab" />
  <Property Key="cf8da7cf-e329-4fc1-b0b4-dc4012664f3b" PropertyValue="Revocation is possible" SolutionId="70d44593-8859-4a7b-84e8-5e611294c0ab" />
  <Property Key="249836f4-cd6d-442e-b4a0-ac30c0d4b140" PropertyValue="Impossible" SolutionId="70d44593-8859-4a7b-84e8-5e611294c0ab" />
  <Property Key="ef40f74a-1823-4a16-bbd3-0b05df0ecdb5" PropertyValue="Possible" SolutionId="70d44593-8859-4a7b-84e8-5e611294c0ab" />
  <Property Key="53f92ced-2b81-41bd-80a8-921f2c45de86" PropertyValue="Impossible" SolutionId="70d44593-8859-4a7b-84e8-5e611294c0ab" />
  <Property Key="e36eb22d-0284-441e-bc21-40f28e61f838" PropertyValue="Other terms of irrevocable power of attorney" SolutionId="70d44593-8859-4a7b-84e8-5e611294c0ab" />
  <Property Key="194edc76-e959-4360-ad71-53437f5196ab" PropertyValue="Upon expiration" SolutionId="70d44593-8859-4a7b-84e8-5e611294c0ab" />
  <Property Key="d091566a-f7d0-4f23-b706-391ac4604e30" PropertyValue="Other terms of irrevocable power of attorney" SolutionId="70d44593-8859-4a7b-84e8-5e611294c0ab" />
  <Property Key="97896da3-0aef-4b86-94a9-5a1d62da6a96" PropertyValue="Upon expiration" SolutionId="70d44593-8859-4a7b-84e8-5e611294c0ab" />
  <Property Key="653a352b-e1c2-48ef-82f0-2bc22b3b81c7" PropertyValue="По истечении срока действия  " SolutionId="70d44593-8859-4a7b-84e8-5e611294c0ab" />
  <Property Key="38bb2572-1e24-45f3-ac19-9bdba34f8015" PropertyValue="Individual" SolutionId="70d44593-8859-4a7b-84e8-5e611294c0ab" />
  <Property Key="6feef292-6754-433c-a360-93a21f3a6f0f" PropertyValue="Russian entity" SolutionId="70d44593-8859-4a7b-84e8-5e611294c0ab" />
  <Property Key="31baa870-e4d7-413a-b956-574734d9d39d" PropertyValue="Sole proprietor" SolutionId="70d44593-8859-4a7b-84e8-5e611294c0ab" />
  <Property Key="99f47bf1-7449-4a38-a1ce-58edd9bf2132" PropertyValue="Individual" SolutionId="70d44593-8859-4a7b-84e8-5e611294c0ab" />
  <Property Key="a3a14183-dc9a-4f5b-b20d-8553e2e5e05b" PropertyValue="Sole proprietor" SolutionId="70d44593-8859-4a7b-84e8-5e611294c0ab" />
  <Property Key="375c6221-8cd7-460d-8812-f63b8ee31d20" PropertyValue="foreign citizen" SolutionId="70d44593-8859-4a7b-84e8-5e611294c0ab" />
  <Property Key="18dd5a4b-f827-4cff-867a-dfba580da522" PropertyValue="Russian citizen" SolutionId="70d44593-8859-4a7b-84e8-5e611294c0ab" />
  <Property Key="42750e1f-c806-4094-8101-65403b2158f4" PropertyValue="Stateless person" SolutionId="70d44593-8859-4a7b-84e8-5e611294c0ab" />
  <Property Key="40f197c1-9c29-4ac1-8bb6-7eadd60a4c5f" PropertyValue="foreign citizen" SolutionId="70d44593-8859-4a7b-84e8-5e611294c0ab" />
  <Property Key="216179f0-3c88-47a0-9dcc-d112525a9986" PropertyValue="Russian citizen" SolutionId="70d44593-8859-4a7b-84e8-5e611294c0ab" />
  <Property Key="ab167a2f-cc57-48d4-a5d3-be46cc3c811a" PropertyValue="Birth certificate" SolutionId="70d44593-8859-4a7b-84e8-5e611294c0ab" />
  <Property Key="76998377-a378-4033-81b0-066788ce6881" PropertyValue="Military ID" SolutionId="70d44593-8859-4a7b-84e8-5e611294c0ab" />
  <Property Key="1183cf51-5141-45cf-8a6a-4df3c54e2868" PropertyValue="Without possibility of revocation" SolutionId="70d44593-8859-4a7b-84e8-5e611294c0ab" />
  <Property Key="31504fe6-e5a8-465a-b86a-bfed6e27e15b" PropertyValue="Possible" SolutionId="70d44593-8859-4a7b-84e8-5e611294c0ab" />
  <Property Key="87d526a7-49a4-4dc3-bf88-6479be8d1f96" PropertyValue="Impossible" SolutionId="70d44593-8859-4a7b-84e8-5e611294c0ab" />
  <Property Key="6d4334df-0208-4f06-a6f8-de9383947438" PropertyValue="Possible" SolutionId="70d44593-8859-4a7b-84e8-5e611294c0ab" />
  <Property Key="d20f5c2b-a7b7-48e4-8061-d5a2d131d459" PropertyValue="Сведения о лице, передавшем полномочия – иностранном юридическом лице" SolutionId="70d44593-8859-4a7b-84e8-5e611294c0ab" />
  <Property Key="a34b4949-2f86-4f26-9a49-b9604b48baae" PropertyValue="foreign citizen" SolutionId="70d44593-8859-4a7b-84e8-5e611294c0ab" />
  <Property Key="5f203d84-aa0d-453a-b719-3f1f7c68df46" PropertyValue="Russian citizen" SolutionId="70d44593-8859-4a7b-84e8-5e611294c0ab" />
  <Property Key="1dd890eb-ee77-4705-88fd-8cdf1fb9f9d7" PropertyValue="Новая доверенность в порядке передоверия" SolutionId="70d44593-8859-4a7b-84e8-5e611294c0ab" />
  <Property Key="f90be886-67e2-4763-b564-b615a6d19d2a" PropertyValue="Upon expiration" SolutionId="70d44593-8859-4a7b-84e8-5e611294c0ab" />
  <Property Key="c548b5b1-2d4e-4e56-b260-97bdcc8a6f62" PropertyValue="Other terms of irrevocable power of attorney" SolutionId="70d44593-8859-4a7b-84e8-5e611294c0ab" />
  <Property Key="8965719e-126a-4c82-87ad-0188c5d35f03" PropertyValue="Upon expiration" SolutionId="70d44593-8859-4a7b-84e8-5e611294c0ab" />
  <Property Key="ae3114a7-d600-4516-8388-a0718477c273" PropertyValue="One-time substitution" SolutionId="70d44593-8859-4a7b-84e8-5e611294c0ab" />
  <Property Key="27be614f-753e-4f01-ac95-2e91ab29c842" PropertyValue="Substitution is possible with subsequent substitution" SolutionId="70d44593-8859-4a7b-84e8-5e611294c0ab" />
  <Property Key="fe6f8cca-8f50-4a6c-bfd2-05e7a7f6e164" PropertyValue="Without right of substitution" SolutionId="70d44593-8859-4a7b-84e8-5e611294c0ab" />
</LayoutLocalization>
    </File>
  </Locale>
  <Locale LocaleFileID="EA1633FF-B371-40E0-A2BC-5AE2E19F6EF3" LocaleID="1049" InstanceID="3200c1f1-6caa-4c73-a169-78f3a12d155c" RowID="089E2CE2-A942-44DE-8FD4-7C20F89C58A8" OwnServerID="00000000-0000-0000-0000-000000000000" ChangeServerID="00000000-0000-0000-0000-000000000000">
    <File FileID="EA1633FF-B371-40E0-A2BC-5AE2E19F6EF3" OwnerCardID="98FBB99A-C359-4685-92D8-71EB93FAE56B" Name="Localization File" StandardAttribs="0" ExtendedAttribs="0">
      <LayoutLocalization xmlns:xsi="http://www.w3.org/2001/XMLSchema-instance" xmlns:xsd="http://www.w3.org/2001/XMLSchema" xmlns="http://schemas.docsvision.com/Platform/2015-07-01/Metadata/">
  <Property Key="f73add13-a036-4e0b-8968-d79425c0974c" PropertyValue="Возможность оформления передоверия" />
  <Property Key="015c00fe-b400-4670-b4cc-7aeda18cfdad" PropertyValue="Новый исходящий документ" />
  <Property Key="908875f2-0d15-4e20-93e9-7c514b007e03" PropertyValue="Создать" />
  <Property Key="f0553208-b799-40d5-9b54-ba8804336590" PropertyValue="Отменить" />
  <Property Key="33ff5a31-f8d0-4e43-9e99-59492a2edfd8" PropertyValue="Информация" />
  <Property Key="521ba363-7f34-4f19-bfd4-f90b1401dfef" PropertyValue="Тема" />
  <Property Key="73e59051-f7b2-4b3c-8954-61ac24a770cb" PropertyValue="Тема документа" />
  <Property Key="76be480f-6b6d-41cc-a473-1178b762b0fd" PropertyValue="Наименование документа слишком длинное" />
  <Property Key="79b78cc2-4c80-4fcd-a187-dd06a46435e7" PropertyValue="Подготовил" />
  <Property Key="aab7911a-2510-4a79-9d65-d14de0f5352a" PropertyValue="Сотрудник, подготовивший документ" />
  <Property Key="20a41877-be5e-4f62-9b95-f84edfb04425" PropertyValue="Дата регистрации" />
  <Property Key="97b06dd8-07ae-4f81-a8d6-346fff1a2905" PropertyValue="Дата регистрации документа в нашей организации" />
  <Property Key="939ba42a-ac13-4050-ae74-288dd75cd172" PropertyValue="Согласуют" />
  <Property Key="fdc5bdd5-01fc-465e-a51d-c93e087fb84f" PropertyValue="Подписывает" />
  <Property Key="bf924969-b07d-419b-871f-d3f082224735" PropertyValue="Примечание" />
  <Property Key="6a09212e-c0c4-4a0a-b348-6537a15dee67" PropertyValue="Адресаты" />
  <Property Key="21689351-9e49-4edf-b6b8-62e6430d9d0d" PropertyValue="Организация" />
  <Property Key="c13a0499-240a-4fda-b8fc-983898d96c14" PropertyValue="Контрагенты - получатели документа" />
  <Property Key="f9dd4b8f-11cd-4ee9-932f-5e037879571b" PropertyValue="Сотрудник" />
  <Property Key="791fdf9b-bb14-463b-83df-17a2118caaa8" PropertyValue="Сотрудник контрагента - получатель" />
  <Property Key="6406cfe7-3dd3-419d-a726-edf8a7b5b3b9" PropertyValue="Ссылки" />
  <Property Key="d8459777-15cd-4d49-a706-d0aef5343a45" PropertyValue="Выбрать папку" />
  <Property Key="9f83bfdb-769e-4cb2-85e5-6cc9b8de89bb" PropertyValue="Папка" />
  <Property Key="465b7071-c7c2-44b0-b14a-a5905fc0df0b" PropertyValue="Редактирование документа" />
  <Property Key="1723ddb5-4e34-434b-b24c-e2d237b79733" PropertyValue="Сохранить" />
  <Property Key="c291d73e-8b13-4f89-8a9b-af3f5ffd9844" PropertyValue="ХОД СОГЛАСОВАНИЯ" />
  <Property Key="4b3c39fc-e684-4db9-9493-6b1a4aa75232" PropertyValue="Лист согласования" />
  <Property Key="2a7985ee-d387-45a1-9ff7-0444a746891a" PropertyValue="На ознакомление" />
  <Property Key="6c58a927-0bda-4473-8705-c0e94503cb28" PropertyValue="Создать входящий" />
  <Property Key="c5bbfe18-9f74-484b-8803-813c7d648dd3" PropertyValue="ИСТОРИЯ" />
  <Property Key="8daa3848-156d-4024-9470-fcbc8911df9b" PropertyValue="Регистрационный номер документа" />
  <Property Key="782b20ae-8f42-47fd-934c-4cdb3e3ca885" PropertyValue="Рег. номер" />
  <Property Key="ccc119da-1e42-443c-ac6b-90f2eb5c08d5" PropertyValue="Рег. дата" />
  <Property Key="626dda3b-66cb-44ba-966b-c643a8b9c432" PropertyValue="Согласование" />
  <Property Key="3468b6ce-9f06-4b51-ae33-c64d2e96b5e5" PropertyValue="Документ отправлен получателям" />
  <Property Key="59cf7ba8-091d-411f-9f62-49d15d5867d2" PropertyValue="E-mail" />
  <Property Key="8fef41a3-4cae-4ff0-af1b-f8e5011179d9" PropertyValue="Телефон" />
  <Property Key="f7734750-da6d-4835-a64d-f29d51dbd974" PropertyValue="Ход исполнения" />
  <Property Key="b2f36145-6ec6-4971-8b76-991008be8067" PropertyValue="Создать задание" />
  <Property Key="b12c78be-c76d-42af-9e7c-969ce06473b2" PropertyValue="Дерево исполнения" />
  <Property Key="832a4f0b-cd38-4a44-882d-61e8cf7e487f" PropertyValue="Таблица исполнения" />
  <Property Key="39c6bec4-7916-49a4-8340-59c9b3d89183" PropertyValue="Обсуждение" />
  <Property Key="b3cc6d0b-f874-44b6-8753-b27990b5ea25" PropertyValue="Введите комментарий" />
  <Property Key="a2d3829d-8e7d-4bd7-a5d7-3a9fff1526e7" PropertyValue="Новый файл" />
  <Property Key="a72a8aa0-4d94-4bab-bf8b-c2071de83ad4" PropertyValue="Название" />
  <Property Key="15b3993b-f252-4136-a9af-eefe40330fe4" PropertyValue="Редактирование файла" />
  <Property Key="d0c73b70-42c8-4b19-b88f-b6634d8bf332" PropertyValue="Новая доверенность" />
  <Property Key="074344f7-2e9d-4019-83c2-7bcb3eb2a74f" PropertyValue="Единый регистрационный номер доверенности" />
  <Property Key="0d52ce93-17cb-4c77-9620-035acdc9bba9" PropertyValue="Дата совершения (выдачи) доверенности" />
  <Property Key="b63ab5e4-0487-4432-8b0d-a4a52e942f12" PropertyValue="Дата окончания действия доверенности" />
  <Property Key="3debab14-f1be-4c58-8045-99d3ffe765e9" PropertyValue="Признак совместных полномочий" />
  <Property Key="24943569-479b-4557-b3d3-51f199df8fb5" PropertyValue="Сведения о безотзывной доверенности" />
  <Property Key="87f0f7b9-fefc-42b8-8120-a385d6356bb7" PropertyValue="Признак безотзывной доверенности" />
  <Property Key="1224ee37-9250-4871-953f-328d14a416f4" PropertyValue="Условие отзыва" />
  <Property Key="86e5f16b-d095-41f8-813b-09e8024bbaf1" PropertyValue="Описание условия отзыва" />
  <Property Key="0c205580-47b7-48cd-ad11-1116e29c02e0" PropertyValue="Сведения о доверителе" />
  <Property Key="bffdabe2-64a4-4c2e-87dc-611694163b38" PropertyValue="Тип доверителя" />
  <Property Key="ee00cfc9-219a-46db-bfb5-fd89b0ef78ff" PropertyValue="Сведения о доверителе – российском юридическом лице" />
  <Property Key="418a0288-fdc0-4b14-b60d-2236082cee43" PropertyValue="Сведения о российском юридическом лице" />
  <Property Key="3e1aec85-f9ed-420a-b2c8-04074be2c10f" PropertyValue="Сведения о лице, действующем от имени юридического лица без доверенности" />
  <Property Key="e73d7ac9-cd46-4f72-badf-c2b76ece27cf" PropertyValue="Наименование учредительного документа" />
  <Property Key="1331ae9b-10ca-4f41-b5f5-96c31012ae91" PropertyValue="Заполняются только при оформлении доверенностей, подлежащих нотариальному заверению" />
  <Property Key="2ef72671-a403-4948-80ee-0617e5e03287" PropertyValue="Выберите организацию из справочника" />
  <Property Key="89c2535a-006c-4751-8601-1ae5890b220c" PropertyValue="Сведения о юридическом лице" />
  <Property Key="0d520079-2918-4d50-88a2-b93881e6dc2c" PropertyValue="Адрес регистрации" />
  <Property Key="0ee6b1dc-864e-43a0-b32f-406d7cdba4fb" PropertyValue="Субъект Российской Федерации (код)" />
  <Property Key="1e33737c-d88d-470a-847a-4c359392e3a9" PropertyValue="Адрес в Российской Федерации" />
  <Property Key="125e640e-31ac-4460-bd09-67867648bfd9" PropertyValue="Адрес фактического места нахождения" />
  <Property Key="eb261128-1cb2-4428-82ec-6a5279ac683e" PropertyValue="Сведения по физическому лицу" />
  <Property Key="d269f4ff-9463-494b-b539-8fd4cc1781fc" PropertyValue="ИНН физического лица" />
  <Property Key="f23f5151-481f-4a59-85eb-00eefd700aac" PropertyValue="СНИЛС" />
  <Property Key="f61e84cf-2691-48b2-b677-d9692a89e116" PropertyValue="Наименование документа, подтверждающего полномочия" />
  <Property Key="b5f01490-07cf-434e-b1a7-a22177392507" PropertyValue="Реквизиты документа, подтверждающего полномочия" />
  <Property Key="64545e66-c23b-4be2-a7b5-2c0d1e4869e2" PropertyValue="Дата выдачи" />
  <Property Key="09754eee-4176-44c3-90e6-77a442d6b065" PropertyValue="Кем выдан" />
  <Property Key="043eaf33-9ec8-4df2-bfb4-13c79d2288e1" PropertyValue="Сведения об удостоверении документа, если он удостоверен" />
  <Property Key="c7e6eee4-4e88-47c1-b80c-795e0d7114ac" PropertyValue="Физическое лицо" />
  <Property Key="84e0d7ac-c261-435a-8e4e-00a1621abed9" PropertyValue="Место рождения" />
  <Property Key="c9099c99-a799-4083-bb32-000d2e521f64" PropertyValue="Признак наличия гражданства" />
  <Property Key="265448bb-66de-412e-aa99-37b7f2980518" PropertyValue="Гражданство (для иностранного гражданина) (код)" />
  <Property Key="d4dcc5c3-8fa2-4abf-82c4-d05b57a27f06" PropertyValue="Принимает значение в соответствии с Общероссийским классификатором стран мира." />
  <Property Key="8faa300a-9be4-47e3-a81a-66b5bfe56426" PropertyValue="Адрес места жительства" />
  <Property Key="e120af8b-33c0-4d8b-b684-e2fff5f39076" PropertyValue="Сведения о документе, удостоверяющем личность физического лица" />
  <Property Key="2c201d64-425d-4c80-9aba-2585f4d5d617" PropertyValue="Код вида документа" />
  <Property Key="3a90af1b-c668-4c48-b09e-33a0c9f430d0" PropertyValue="Серия и номер документа" />
  <Property Key="ba26c860-baab-4755-b32d-a2cd343e2f13" PropertyValue="Дата выдачи документа" />
  <Property Key="77f4e210-3714-4cb1-8e79-0fe9d1135dd4" PropertyValue="Наименование органа, выдавшего документ" />
  <Property Key="29882b30-9ecf-451c-8318-804b556dcdf0" PropertyValue="Элемент обязателен для паспорта гражданина Российской Федерации" />
  <Property Key="3e2e38b1-a604-47cc-822b-f90ed8cb9ea7" PropertyValue="Код подразделения органа, выдавшего документ" />
  <Property Key="ecf66caf-80f1-4a40-8c0e-711d4722ac3b" PropertyValue="Сведения о доверителе – иностранном юридическом лице" />
  <Property Key="be50be73-a739-4084-b76f-9f2f864f48e2" PropertyValue="Сведения об иностранном юридическом лице" />
  <Property Key="b98350b4-8f27-49a4-91d7-ab428cd1f665" PropertyValue="Сведения о руководителе обособленного подразделения" />
  <Property Key="a08ad540-5ce5-4747-be49-db593281ed5f" PropertyValue="Номер записи об аккредитации" />
  <Property Key="45c8984a-f68a-4748-ae22-b0ad943ad061" PropertyValue="Принимает значение в соответствии с Общероссийским классификатором стран мира" />
  <Property Key="ba180333-8ac0-460b-a313-6b50e12aee8f" PropertyValue="Код страны регистрации (инкорпорации)" />
  <Property Key="11e3da5b-1f8b-4e3a-bac0-b78919818d94" PropertyValue="Наименование регистрирующего органа" />
  <Property Key="83c168d4-c113-4e97-a32b-783fe65633d2" PropertyValue="Регистрационный номер" />
  <Property Key="5882d32c-a7b2-41b2-8af9-0cd7179f5f2e" PropertyValue="Адрес юридического лица на территории государства, в котором оно зарегистрировано" />
  <Property Key="578b3612-66ee-4d02-99a2-5bd38b21818b" PropertyValue="ИНН физического лица - руководителя обособленного подразделения" />
  <Property Key="4c9bffe0-d7c0-4ae8-a46b-93c7a984014c" PropertyValue="Сведения о физическом лице" />
  <Property Key="b6b7bb5c-43ae-4ddf-a708-a5938ebc0d57" PropertyValue="Сведения о доверителе – индивидуальном предпринимателе" />
  <Property Key="b7d449dc-a9cc-4815-98fc-1fe1698eab42" PropertyValue="Наименование индивидуального предпринимателя" />
  <Property Key="ec32ae46-c296-4ff3-b253-2283408a060d" PropertyValue="Наименование индивидуального предпринимателя согласно ЕГРИП" />
  <Property Key="9db6b82f-0cae-46e2-84f8-a57cc0cc9d80" PropertyValue="Сведения о доверителе – физическом лице" />
  <Property Key="5ccfe301-f7dc-42fa-8a7c-c1b13763f9fe" PropertyValue="Признак наличия полной гражданской дееспособности доверителя – физического лица" />
  <Property Key="6d6d3f06-7dde-4454-81f1-d0af88c07483" PropertyValue="Наименование и реквизиты документа, подтверждающего недееспособность доверителя физического лица" />
  <Property Key="b009385e-2e4a-4769-9832-d34f2c66004a" PropertyValue="Сведения о законном представителе физического лица" />
  <Property Key="93bde5a6-edfe-40f9-aa8f-086ef48c83cd" PropertyValue="Наименование документа, подтверждающего недееспособность доверителя физического лица" />
  <Property Key="a4731b8d-c207-4300-813b-4e975368022f" PropertyValue="Реквизиты документа, подтверждающего полномочия законного представителя физического лица" />
  <Property Key="4287d04f-f607-4686-80db-f2a6d90e399a" PropertyValue="Подписант" />
  <Property Key="8bad0ed3-8ab0-489f-b65f-3a04a1bd4ce7" PropertyValue="Подписант машиночитаемой доверенности" />
  <Property Key="d3de2c0d-5464-443e-a72b-696d74fe1530" PropertyValue="Физическое лицо, подписывающее доверенность от имени доверителя (российской организации / иностранной организации) без доверенности или физическое лицо, подписывающее доверенность от своего имени/законный представитель физического лица" />
  <Property Key="ebe20f22-723c-4717-be7e-12bdc55bdcc9" PropertyValue="Сведения об уполномоченном представителе (уполномоченных представителях)" />
  <Property Key="6fe1f4d6-aa2d-4f91-81fc-a034fac04854" PropertyValue="Тип уполномоченного представителя" />
  <Property Key="5f7cdb6d-9078-4dd6-80be-b35529e71b34" PropertyValue="Сведения об организации" />
  <Property Key="c1cfc3d8-c267-45de-9035-a25af4f224c1" PropertyValue="Сведения об индивидуальном предпринимателе" />
  <Property Key="13cf6da9-e080-40bb-92c0-ce777a3c7d37" PropertyValue="ИНН индивидуального предпринимателя" />
  <Property Key="9e606831-cc11-48fa-b01a-38fe582c24bb" PropertyValue="ОГРНИП" />
  <Property Key="1ec071d9-eda4-4f9b-a068-65a55cef013b" PropertyValue="ФИО физического лица" />
  <Property Key="60aec81d-a669-41d9-8f96-bf0dc90197ed" PropertyValue="Фамилия, имя, отчество (при наличии) физического лица" />
  <Property Key="7f765351-6f3b-43d4-a249-9d5819a8985d" PropertyValue="Сведения о полномочиях представителя" />
  <Property Key="1bae2d3b-dfe2-46bf-af8c-355841b95db8" PropertyValue="Текстовое описание полномочий уполномоченного представителя" />
  <Property Key="b816c3c4-ca03-4110-b449-117ddf1307f8" PropertyValue="Полномочия при передоверии" />
  <Property Key="22210288-9d32-4356-9dfe-5177adfc9b5a" PropertyValue="Не утрачиваются" />
  <Property Key="8a146f76-828a-493e-b4df-4696157a228b" PropertyValue="Утрачиваются" />
  <Property Key="11ffc980-5b18-497d-8ebd-a95e8a838c2e" PropertyValue="Заполняется, если полномочия единоличного исполнительного органа хозяйственного товарищества или общества переданы управляющей организации " />
  <Property Key="0f745617-f4b5-4375-b57b-02693705c8cd" PropertyValue="Выберите организацию-доверитель из справочника" />
  <Property Key="da80b520-ca02-4633-8c05-00a9446f407d" PropertyValue="Передоверие безотзывной доверенности" />
  <Property Key="4b9d707b-2b32-41e2-9742-1080855d8171" PropertyValue="Код субъекта Российской Федерации" />
  <Property Key="3d8aae7f-e57a-435b-bdfa-a683676cc2f0" PropertyValue="Вид документа" />
  <Property Key="7ef92274-d48b-4455-a545-47592b626f3e" PropertyValue="Возможность отзыва доверенности" />
  <Property Key="1fad404e-56da-424d-8021-f7290ebf77fd" PropertyValue="Код субъекта Российской Федерации" />
  <Property Key="6732786d-b985-47c4-b592-aa142a3f00d2" PropertyValue="Сведения о физическом лице, выступающем от имени юридического лица" />
  <Property Key="1d2b21c7-adf3-4280-a7fc-a8110b0468b9" PropertyValue="Сведения об организации, в т.ч. физлице, выступающем от её имени" />
  <Property Key="4683cd77-4cb5-4f40-913d-e5e1a62c05fc" PropertyValue="Код страны гражданства иностранного представителя" />
  <Property Key="87705659-b6ac-4263-8f0c-876ea82e5c47" PropertyValue="Код страны гражданства иностранного гражданина" />
  <Property Key="5526c32e-ed5c-4f91-8457-965db65608ea" PropertyValue="Реквизиты документа, подтверждающего полномочия руководителя" />
  <Property Key="5e35c9ad-b857-4505-b909-a12c01d8f35a" PropertyValue="Указать юридическое лицо" />
  <Property Key="2764dcd4-9f4f-44ff-91a2-07da76abe6ff" PropertyValue="Требуется, если в доверенности в качестве уполномоченного представителя требуется указать юридическое лицо, например, управляющая компания " />
  <Property Key="5cde6bfb-53cf-43f7-aa70-afad3f198222" PropertyValue="Наименование документа, подтверждающего недееспособность доверителя-физического лица" />
  <Property Key="dd6ec64b-0544-488a-9ffd-6b98bdc7f112" PropertyValue="Доверенность, на основании которой осуществляется передоверие" />
  <Property Key="3b268609-45be-4485-8395-245c05201249" PropertyValue="Выберите тип доверенности" />
  <Property Key="0018fc2f-e162-4dec-a3a2-73ba626aa9ff" PropertyValue="Основная (первоначальная) доверенность" />
  <Property Key="b2d320d7-4e29-43de-bae7-1a85bfb94416" PropertyValue="Сведения об информационной системе, которая предоставляет техническую возможность получения информации о доверенности, досрочном прекращении действия доверенности, в том числе в силу ее отмены доверителем" />
  <Property Key="2fd252f5-a017-426b-8475-9f24c5114cda" PropertyValue="Унифицированный указатель ресурса (URL) или текстовое описание системы, если данная система не предусматривает удаленный вызов ее программных интерфейсов." />
  <Property Key="bcdd3e76-05c5-4701-ab44-dad1b6104bf9" PropertyValue="Сведения о лице, передавшем полномочия " />
  <Property Key="1bab0057-005b-472f-9a14-11d7870de26f" PropertyValue="Тип лица, передавшего полномочия " />
  <Property Key="c08dd9d8-ac43-4782-bc26-4bbf7ebb5f45" PropertyValue="Сведения о лице, передавшем полномочия – индивидуальном предпринимателе" />
  <Property Key="017dc5f6-d8fc-4d38-b849-f3fe7a7aa44d" PropertyValue="Сведения о лице, передавшем полномочия – российском юридическом лице" />
  <Property Key="a6c79d59-e0b2-46b5-ab24-6dfd48c9ae54" PropertyValue="Сведения о лице, получившем полномочия" />
  <Property Key="b74746a4-0d5f-46c0-957d-509084e7800d" PropertyValue="Сведения о передаваемых полномочиях" />
  <Property Key="1223f5fa-7ecf-41ad-bd29-bcc8ca2cd621" PropertyValue="Доверенность в порядке передоверия" />
  <Property Key="a91c9f2e-5280-41ea-9ca7-294951f336b7" PropertyValue="Информационная система, содержащая данные о доверенности" />
  <Property Key="10b429bc-f8a4-4a42-a9fa-ceed2f19e3c4" PropertyValue="Сведения о доверенности, выданной в порядке передоверия" />
  <Property Key="d98216d0-831f-477a-b7ac-48530c1b64af" PropertyValue="Полномочия" />
  <Property Key="a10f4e38-175b-46ea-a82e-57b4e52f9d9e" PropertyValue="Доверенность" />
  <Property Key="82a40f51-20f7-4ed8-9524-3088d71185ec" PropertyValue="Сформировать доверенность" />
  <Property Key="9a666d02-2cf0-4f1b-bf58-5c8f3b3272ed" PropertyValue="Сведения об уполномоченном представителе" />
  <Property Key="39185e76-63eb-443c-80ed-5b5ccd94f728" PropertyValue="Тип" />
  <Property Key="161a16c5-1dce-4f4c-8bc0-4c885f876807" PropertyValue="Полномочия совместные" />
  <Property Key="f4ea675e-c947-4270-9c37-ef7d282b8c21" PropertyValue="Основная (первоначальная) доверенность" />
  <Property Key="58e66e2c-734b-4491-b6c3-36e6a975b611" PropertyValue="Доверенность в порядке передоверия" />
  <Property Key="04e3ecb0-70c8-4799-8d62-f66cf19c3fb2" PropertyValue="Полномочия индивидуальны" />
  <Property Key="ae8cd9d9-c2c0-488e-82b7-44104eab5040" PropertyValue="Без права передоверия" />
  <Property Key="254e349c-bbc2-4039-adf1-07532887cff6" PropertyValue="Однократное передоверие" />
  <Property Key="e6c61cd4-2b5d-4be2-873f-7e9f706415f2" PropertyValue="Передоверие возможно с последующим передоверием" />
  <Property Key="04ea5dc6-b6c7-4f2b-8619-333b664759ce" PropertyValue="Полномочия совместны" />
  <Property Key="4476b594-66c7-4385-84af-ababccc42da5" PropertyValue="Отзыв возможен" />
  <Property Key="b66d869e-7e88-4572-9ef0-6886fbe4bcd8" PropertyValue="Без возможности отзыва" />
  <Property Key="cf8da7cf-e329-4fc1-b0b4-dc4012664f3b" PropertyValue="Отзыв возможен" />
  <Property Key="249836f4-cd6d-442e-b4a0-ac30c0d4b140" PropertyValue="Невозможно" />
  <Property Key="ef40f74a-1823-4a16-bbd3-0b05df0ecdb5" PropertyValue="Возможно" />
  <Property Key="53f92ced-2b81-41bd-80a8-921f2c45de86" PropertyValue="Невозможно" />
  <Property Key="e36eb22d-0284-441e-bc21-40f28e61f838" PropertyValue="Прочие условия безотзывной доверенности" />
  <Property Key="194edc76-e959-4360-ad71-53437f5196ab" PropertyValue="По истечении срока действия" />
  <Property Key="d091566a-f7d0-4f23-b706-391ac4604e30" PropertyValue="Прочие условия безотзывной доверенности" />
  <Property Key="97896da3-0aef-4b86-94a9-5a1d62da6a96" PropertyValue="По истечении срока" />
  <Property Key="653a352b-e1c2-48ef-82f0-2bc22b3b81c7" PropertyValue="Иностранное юридическое лицо" />
  <Property Key="38bb2572-1e24-45f3-ac19-9bdba34f8015" PropertyValue="Физическое лицо" />
  <Property Key="6feef292-6754-433c-a360-93a21f3a6f0f" PropertyValue="Российское юридическое лицо" />
  <Property Key="31baa870-e4d7-413a-b956-574734d9d39d" PropertyValue="Индивидуальный предприниматель" />
  <Property Key="99f47bf1-7449-4a38-a1ce-58edd9bf2132" PropertyValue="Физическое лицо" />
  <Property Key="a3a14183-dc9a-4f5b-b20d-8553e2e5e05b" PropertyValue="Индивидуальный предприниматель" />
  <Property Key="375c6221-8cd7-460d-8812-f63b8ee31d20" PropertyValue="Иностранный гражданин" />
  <Property Key="18dd5a4b-f827-4cff-867a-dfba580da522" PropertyValue="Гражданин Российской Федерации" />
  <Property Key="42750e1f-c806-4094-8101-65403b2158f4" PropertyValue="Лицо без гражданства" />
  <Property Key="40f197c1-9c29-4ac1-8bb6-7eadd60a4c5f" PropertyValue="Иностранный гражданин" />
  <Property Key="216179f0-3c88-47a0-9dcc-d112525a9986" PropertyValue="Гражданин Российской Федерации" />
  <Property Key="ab167a2f-cc57-48d4-a5d3-be46cc3c811a" PropertyValue="Birth certificate" />
  <Property Key="76998377-a378-4033-81b0-066788ce6881" PropertyValue="Military ID" />
  <Property Key="1183cf51-5141-45cf-8a6a-4df3c54e2868" PropertyValue="Без возможности отзыва" />
  <Property Key="31504fe6-e5a8-465a-b86a-bfed6e27e15b" PropertyValue="Возможно" />
  <Property Key="87d526a7-49a4-4dc3-bf88-6479be8d1f96" PropertyValue="Невозможно" />
  <Property Key="6d4334df-0208-4f06-a6f8-de9383947438" PropertyValue="Possible" />
  <Property Key="d20f5c2b-a7b7-48e4-8061-d5a2d131d459" PropertyValue="Сведения о лице, передавшем полномочия – иностранном юридическом лице" />
  <Property Key="a34b4949-2f86-4f26-9a49-b9604b48baae" PropertyValue="foreign citizen" />
  <Property Key="5f203d84-aa0d-453a-b719-3f1f7c68df46" PropertyValue="Russian citizen" />
  <Property Key="1dd890eb-ee77-4705-88fd-8cdf1fb9f9d7" PropertyValue="Новая доверенность в порядке передоверия" />
  <Property Key="f90be886-67e2-4763-b564-b615a6d19d2a" PropertyValue="По истечении срока действия" />
  <Property Key="c548b5b1-2d4e-4e56-b260-97bdcc8a6f62" PropertyValue="Прочие условия безотзывной доверенности" />
  <Property Key="8965719e-126a-4c82-87ad-0188c5d35f03" PropertyValue="По истечении срока действия" />
  <Property Key="ae3114a7-d600-4516-8388-a0718477c273" PropertyValue="One-time substitution" />
  <Property Key="27be614f-753e-4f01-ac95-2e91ab29c842" PropertyValue="Substitution is possible with subsequent substitution" />
  <Property Key="fe6f8cca-8f50-4a6c-bfd2-05e7a7f6e164" PropertyValue="Without right of substitution" />
</LayoutLocalization>
    </File>
  </Locale>
</Locales>